prefCode,prefJP,prefEN,date,activeCases,hospitalizedCases,hospitalizedCasesPhase,hospitalizedCasesMaxPhase,hospitalizedCasesCap,hospitalizedCasesCapPlanned,hospitalizedCasesUTE,severeCases,severeCasesPhase,severeCasesMaxPhase,severeCasesCap,severeCaseaCapPlanned,severeCasesUTE,atHotelCases,atHotelCasesPhase,atHotelCasesMaxPhase,atHotelCasesCap,atHotelCasesCapPlanned,atHotelCasesUTE,atHomeCases,atWelfareFacilityCases,unconfirmedCases
01,北海道,Hokkaido,2020-09-02,127,93,1,3,1767,1767,0.05,2,1,3,182,182,0.01,28,1,2,1170,1170,0.02,6,0,0
01,北海道,Hokkaido,2020-09-09,81,53,1,3,1767,1767,0.03,2,1,3,182,182,0.01,28,1,2,1170,1170,0.02,0,0,0
01,北海道,Hokkaido,2020-09-16,62,40,1,3,1767,1767,0.02,2,1,3,182,182,0.01,22,1,2,1170,1170,0.02,0,0,0
01,北海道,Hokkaido,2020-09-23,109,62,1,3,1767,1767,0.04,2,1,3,182,182,0.01,47,1,2,1170,1170,0.04,0,0,0
01,北海道,Hokkaido,2020-09-30,136,86,1,3,1767,1767,0.05,0,1,3,182,182,0,50,1,2,1170,1170,0.04,0,0,0
01,北海道,Hokkaido,2020-10-07,174,110,1,3,1811,1811,0.06,0,1,3,182,182,0,64,1,2,1170,1170,0.05,0,0,0
01,北海道,Hokkaido,2020-10-14,207,121,1,3,1811,1811,0.07,1,1,3,182,182,0.01,86,1,2,1170,1170,0.07,0,0,0
01,北海道,Hokkaido,2020-10-21,216,110,1,3,1811,1811,0.06,2,1,3,182,182,0.01,106,1,2,1170,1170,0.09,0,0,0
01,北海道,Hokkaido,2020-10-28,331,151,1,3,1811,1811,0.08,2,1,3,182,182,0.01,180,1,2,1170,1170,0.15,0,0,0
01,北海道,Hokkaido,2020-11-04,570,215,1,3,1811,1811,0.12,6,1,3,182,182,0.03,355,1,2,1170,1170,0.3,0,0,0
01,北海道,Hokkaido,2020-11-11,1160,434,1,3,1811,1811,0.24,11,1,3,182,182,0.06,508,1,2,1170,1170,0.43,218,0,0
01,北海道,Hokkaido,2020-11-18,1903,693,2,3,1811,1811,0.38,20,2,3,182,182,0.11,708,1,2,1500,1500,0.47000000000000003,502,0,0
01,北海道,Hokkaido,2020-11-25,2359,845,2,3,1811,1811,0.47000000000000003,19,2,3,182,182,0.1,819,2,2,1560,1560,0.53,658,37,0
01,北海道,Hokkaido,2020-12-02,2279,935,2,3,1811,1811,0.52,28,2,3,182,182,0.15,678,2,2,1660,1660,0.41000000000000003,605,61,0
01,北海道,Hokkaido,2020-12-09,2248,998,2,3,1811,1811,0.55,26,2,3,182,182,0.14,514,2,2,1660,1660,0.31,600,136,0
01,北海道,Hokkaido,2020-12-16,2183,992,2,3,1811,1811,0.55,34,2,3,182,182,0.19,452,2,2,1660,1660,0.27,563,176,0
01,北海道,Hokkaido,2020-12-23,1750,926,2,3,1811,1811,0.51,31,2,3,182,182,0.17,256,2,2,1660,1660,0.15,388,180,0
01,北海道,Hokkaido,2020-12-30,1591,817,2,3,1811,1811,0.45,22,2,3,182,182,0.12,227,2,2,1835,1835,0.12,357,190,0
01,北海道,Hokkaido,2021-01-06,1607,835,2,3,1811,1811,0.46,23,2,3,182,182,0.13,240,2,2,1835,1835,0.13,365,167,0
01,北海道,Hokkaido,2021-01-13,1588,725,2,3,1811,1811,0.4,12,2,3,182,182,0.07,397,2,2,1835,1835,0.22,403,63,0
02,青森県,Aomori,2020-09-02,2,2,1,4,161,225,0.01,0,1,4,29,30,0,0,1,4,30,100,0,0,0,0
02,青森県,Aomori,2020-09-09,2,2,1,4,161,225,0.01,0,1,4,29,30,0,0,1,4,30,100,0,0,0,0
02,青森県,Aomori,2020-09-16,2,2,1,4,166,225,0.01,0,1,4,31,30,0,0,1,4,30,100,0,0,0,0
02,青森県,Aomori,2020-09-23,0,0,1,4,165,225,0,0,1,4,31,30,0,0,1,4,30,100,0,0,0,0
02,青森県,Aomori,2020-09-30,1,1,1,4,165,225,0.01,0,1,4,31,30,0,0,1,4,30,100,0,0,0,0
02,青森県,Aomori,2020-10-07,1,1,1,4,187,225,0.01,0,1,4,31,30,0,0,1,4,130,100,0,0,0,0
02,青森県,Aomori,2020-10-14,2,2,1,4,187,225,0.01,0,1,4,31,30,0,0,1,4,130,100,0,0,0,0
02,青森県,Aomori,2020-10-21,97,46,2,4,187,225,0.25,2,2,4,31,30,0.06,14,2,4,130,100,0.11,1,0,36
02,青森県,Aomori,2020-10-28,126,56,2,4,201,225,0.28,2,2,4,31,30,0.06,6,2,4,130,100,0.05,21,0,43
02,青森県,Aomori,2020-11-04,80,55,2,4,201,225,0.27,3,2,4,31,30,0.1,6,2,4,230,100,0.03,10,0,9
02,青森県,Aomori,2020-11-11,59,50,2,4,201,225,0.25,2,2,4,31,30,0.06,7,2,4,260,100,0.03,2,0,0
02,青森県,Aomori,2020-11-18,31,29,2,4,201,225,0.14,2,2,4,31,30,0.06,2,2,4,260,100,0.01,0,0,0
02,青森県,Aomori,2020-11-25,15,14,1,4,201,225,0.07,2,1,4,31,30,0.06,1,1,4,260,100,0,0,0,0
02,青森県,Aomori,2020-12-02,26,22,1,4,201,225,0.11,2,1,4,31,30,0.06,0,1,4,260,100,0,0,0,4
02,青森県,Aomori,2020-12-09,53,32,1,4,210,225,0.15,2,1,4,31,30,0.06,17,1,4,260,100,0.07,2,0,2
02,青森県,Aomori,2020-12-16,51,35,1,4,210,225,0.17,2,1,4,31,30,0.06,11,1,4,290,100,0.04,2,0,3
02,青森県,Aomori,2020-12-23,25,18,1,4,210,225,0.09,2,1,4,31,30,0.06,5,1,4,290,100,0.02,2,0,0
02,青森県,Aomori,2020-12-30,63,34,1,4,210,225,0.16,2,1,4,31,30,0.06,7,1,4,290,100,0.02,0,0,22
02,青森県,Aomori,2021-01-06,92,39,1,4,210,225,0.19,2,1,4,31,30,0.06,40,1,4,290,100,0.14,1,0,12
02,青森県,Aomori,2021-01-13,70,35,1,4,210,225,0.17,2,1,4,31,30,0.06,29,1,4,290,100,0.1,5,0,1
03,岩手県,Iwate,2020-09-02,12,12,1,3,374,350,0.03,0,1,3,59,45,0,0,1,3,225,300,0,0,0,0
03,岩手県,Iwate,2020-09-09,5,5,1,3,374,350,0.01,0,1,3,59,45,0,0,1,3,225,300,0,0,0,0
03,岩手県,Iwate,2020-09-16,1,1,1,3,374,350,0,0,1,3,59,45,0,0,1,3,381,300,0,0,0,0
03,岩手県,Iwate,2020-09-23,0,0,1,3,374,350,0,0,1,3,59,45,0,0,1,3,381,300,0,0,0,0
03,岩手県,Iwate,2020-09-30,0,0,1,3,374,350,0,0,1,3,59,45,0,0,1,3,381,300,0,0,0,0
03,岩手県,Iwate,2020-10-07,1,1,1,3,374,350,0,0,1,3,59,45,0,0,1,3,381,300,0,0,0,0
03,岩手県,Iwate,2020-10-14,2,2,1,3,374,350,0.01,0,1,3,59,45,0,0,1,3,381,300,0,0,0,0
03,岩手県,Iwate,2020-10-21,3,3,1,3,374,350,0.01,0,1,3,59,45,0,0,1,3,381,300,0,0,0,0
03,岩手県,Iwate,2020-10-28,4,4,1,3,374,350,0.01,0,1,3,59,45,0,0,1,3,381,300,0,0,0,0
03,岩手県,Iwate,2020-11-04,4,4,1,3,374,350,0.01,0,1,3,59,45,0,0,1,3,381,300,0,0,0,0
03,岩手県,Iwate,2020-11-11,7,7,1,3,374,350,0.02,0,1,3,59,45,0,0,1,3,381,300,0,0,0,0
03,岩手県,Iwate,2020-11-18,57,35,2,3,374,350,0.09,0,2,3,59,45,0,22,2,3,381,300,0.06,0,0,0
03,岩手県,Iwate,2020-11-25,95,79,2,3,374,350,0.21,0,2,3,59,45,0,16,2,3,381,300,0.04,0,0,0
03,岩手県,Iwate,2020-12-02,80,71,2,3,374,350,0.19,2,2,3,59,45,0.03,9,2,3,381,300,0.02,0,0,0
03,岩手県,Iwate,2020-12-09,55,53,2,3,374,350,0.14,4,2,3,59,45,0.07,2,2,3,381,300,0.01,0,0,0
03,岩手県,Iwate,2020-12-16,116,87,2,3,374,350,0.23,3,2,3,59,45,0.05,29,2,3,381,300,0.08,0,0,0
03,岩手県,Iwate,2020-12-23,101,85,2,3,374,350,0.23,3,2,3,59,45,0.05,16,2,3,381,300,0.04,0,0,0
03,岩手県,Iwate,2020-12-30,68,56,2,3,374,350,0.15,3,2,3,59,45,0.05,12,2,3,381,300,0.03,0,0,0
03,岩手県,Iwate,2021-01-06,50,48,2,3,374,350,0.13,4,2,3,59,45,0.07,2,2,3,381,300,0.01,0,0,0
03,岩手県,Iwate,2021-01-13,70,65,2,3,374,350,0.17,2,2,3,59,45,0.03,5,2,3,381,300,0.01,0,0,0
04,宮城県,Miyagi,2020-09-02,18,9,2,4,345,450,0.03,0,2,4,43,65,0,9,2,4,160,300,0.06,0,0,0
04,宮城県,Miyagi,2020-09-09,48,34,2,4,345,450,0.1,0,2,4,43,65,0,14,2,4,300,300,0.05,0,0,0
04,宮城県,Miyagi,2020-09-16,82,63,3,4,345,450,0.18,0,3,4,43,65,0,11,3,4,300,300,0.04,8,0,0
04,宮城県,Miyagi,2020-09-23,75,45,3,4,345,450,0.13,0,3,4,43,65,0,16,3,4,300,300,0.05,14,0,0
04,宮城県,Miyagi,2020-09-30,38,25,3,4,345,450,0.07,1,3,4,43,65,0.02,11,3,4,300,300,0.04,2,0,0
04,宮城県,Miyagi,2020-10-07,46,34,3,4,345,450,0.1,1,3,4,43,65,0.02,9,3,4,300,300,0.03,3,0,0
04,宮城県,Miyagi,2020-10-14,46,34,3,4,345,450,0.1,1,3,4,43,65,0.02,12,3,4,300,300,0.04,0,0,0
04,宮城県,Miyagi,2020-10-21,45,31,3,4,345,450,0.09,1,3,4,43,65,0.02,9,3,4,300,300,0.03,5,0,0
04,宮城県,Miyagi,2020-10-28,125,98,3,4,345,450,0.28,4,3,4,43,65,0.09,26,3,4,300,300,0.09,1,0,0
04,宮城県,Miyagi,2020-11-04,219,52,3,4,345,450,0.15,5,3,4,43,65,0.12,88,3,4,300,300,0.29,79,0,0
04,宮城県,Miyagi,2020-11-11,182,65,3,4,345,450,0.19,6,3,4,43,65,0.14,22,3,4,300,300,0.07,95,0,0
04,宮城県,Miyagi,2020-11-18,190,68,3,5,345,450,0.2,5,3,5,43,65,0.12,32,3,5,300,300,0.11,90,0,0
04,宮城県,Miyagi,2020-11-25,188,68,3,5,345,450,0.2,8,3,5,43,65,0.19,49,3,5,300,300,0.16,71,0,0
04,宮城県,Miyagi,2020-12-02,136,47,3,5,345,450,0.14,5,3,5,43,65,0.12,49,3,5,300,300,0.16,40,0,0
04,宮城県,Miyagi,2020-12-09,152,63,3,5,345,450,0.18,3,3,5,43,65,0.07,36,3,5,300,300,0.12,53,0,0
04,宮城県,Miyagi,2020-12-16,310,88,3,5,345,450,0.26,3,3,5,43,65,0.07,86,3,5,300,300,0.29,136,0,0
04,宮城県,Miyagi,2020-12-23,348,100,3,5,345,450,0.29,6,3,5,43,65,0.14,91,3,5,300,300,0.3,157,0,0
04,宮城県,Miyagi,2020-12-30,432,91,4,5,345,450,0.26,3,4,5,43,65,0.07,145,4,5,300,300,0.48,196,0,0
04,宮城県,Miyagi,2021-01-06,287,82,4,5,345,450,0.24,5,4,5,43,65,0.12,103,4,5,300,300,0.34,102,0,0
04,宮城県,Miyagi,2021-01-13,427,105,4,5,345,450,0.3,9,4,5,43,65,0.21,174,4,5,300,300,0.58,148,0,0
05,秋田県,Akita,2020-09-02,4,4,2,4,222,235,0.02,0,2,4,21,27,0,0,2,4,16,69,0,0,0,0
05,秋田県,Akita,2020-09-09,3,2,2,4,222,235,0.01,0,2,4,21,27,0,1,2,4,16,69,0.06,0,0,0
05,秋田県,Akita,2020-09-16,1,0,2,4,222,235,0,0,2,4,22,27,0,1,2,4,16,69,0.06,0,0,0
05,秋田県,Akita,2020-09-23,2,0,2,4,222,235,0,0,2,4,22,27,0,2,2,4,16,69,0.13,0,0,0
05,秋田県,Akita,2020-09-30,0,0,2,4,222,235,0,0,2,4,22,27,0,0,2,4,16,69,0,0,0,0
05,秋田県,Akita,2020-10-07,5,1,2,4,222,235,0,0,2,4,22,27,0,4,2,4,16,69,0.25,0,0,0
05,秋田県,Akita,2020-10-14,5,2,2,4,222,235,0.01,0,2,4,22,27,0,3,2,4,58,69,0.05,0,0,0
05,秋田県,Akita,2020-10-21,1,1,2,4,222,235,0,0,2,4,22,27,0,0,2,4,58,69,0,0,0,0
05,秋田県,Akita,2020-10-28,2,2,2,4,222,235,0.01,0,2,4,22,27,0,0,2,4,58,69,0,0,0,0
05,秋田県,Akita,2020-11-04,4,4,2,4,222,235,0.02,1,2,4,22,27,0.05,0,2,4,58,69,0,0,0,0
05,秋田県,Akita,2020-11-11,7,6,2,4,222,235,0.03,1,2,4,22,27,0.05,1,2,4,58,69,0.02,0,0,0
05,秋田県,Akita,2020-11-18,8,7,2,4,222,235,0.03,1,2,4,22,27,0.05,1,2,4,58,69,0.02,0,0,0
05,秋田県,Akita,2020-11-25,4,4,2,4,222,235,0.02,0,2,4,22,27,0,0,2,4,58,69,0,0,0,0
05,秋田県,Akita,2020-12-02,12,4,2,4,222,235,0.02,0,2,4,22,27,0,8,2,4,58,69,0.14,0,0,0
05,秋田県,Akita,2020-12-09,2,1,2,4,222,235,0,0,2,4,24,27,0,1,2,4,58,69,0.02,0,0,0
05,秋田県,Akita,2020-12-16,4,3,2,4,222,235,0.01,0,2,4,24,27,0,1,2,4,58,69,0.02,0,0,0
05,秋田県,Akita,2020-12-23,5,4,2,4,222,235,0.02,0,2,4,24,27,0,1,2,4,58,69,0.02,0,0,0
05,秋田県,Akita,2020-12-30,36,18,2,4,222,235,0.08,0,2,4,24,27,0,18,2,4,58,69,0.31,0,0,0
05,秋田県,Akita,2021-01-06,37,17,2,4,222,235,0.08,0,2,4,24,27,0,20,2,4,58,69,0.34,0,0,0
05,秋田県,Akita,2021-01-13,28,18,2,4,229,235,0.08,0,2,4,24,27,0,10,2,4,58,69,0.17,0,0,0
06,山形県,Yamagata,2020-09-02,2,2,2,4,215,215,0.01,1,2,4,25,26,0.04,0,2,4,188,188,0,0,0,0
06,山形県,Yamagata,2020-09-09,2,2,2,4,215,215,0.01,1,2,4,25,26,0.04,0,2,4,188,188,0,0,0,0
06,山形県,Yamagata,2020-09-16,2,2,2,4,215,215,0.01,1,2,4,25,26,0.04,0,2,4,188,188,0,0,0,0
06,山形県,Yamagata,2020-09-23,2,2,2,4,216,215,0.01,1,2,4,26,26,0.04,0,2,4,188,188,0,0,0,0
06,山形県,Yamagata,2020-09-30,2,2,2,4,216,215,0.01,0,2,4,26,26,0,0,2,4,188,188,0,0,0,0
06,山形県,Yamagata,2020-10-07,1,1,2,4,216,215,0,0,2,4,26,26,0,0,2,4,188,188,0,0,0,0
06,山形県,Yamagata,2020-10-14,3,3,2,4,216,215,0.01,0,2,4,26,26,0,0,2,4,188,188,0,0,0,0
06,山形県,Yamagata,2020-10-21,1,1,2,4,216,215,0,0,2,4,26,26,0,0,2,4,188,188,0,0,0,0
06,山形県,Yamagata,2020-10-28,5,5,2,4,216,215,0.02,0,2,4,26,26,0,0,2,4,188,188,0,0,0,0
06,山形県,Yamagata,2020-11-04,4,4,2,4,216,215,0.02,0,2,4,26,26,0,0,2,4,188,188,0,0,0,0
06,山形県,Yamagata,2020-11-11,10,10,2,4,216,215,0.05,0,2,4,26,26,0,0,2,4,188,188,0,0,0,0
06,山形県,Yamagata,2020-11-18,14,13,2,4,216,215,0.06,0,2,4,26,26,0,1,2,4,188,188,0.01,0,0,0
06,山形県,Yamagata,2020-11-25,17,17,2,4,216,215,0.08,0,2,4,26,26,0,0,2,4,108,108,0,0,0,0
06,山形県,Yamagata,2020-12-02,31,31,2,4,216,215,0.14,1,2,4,26,26,0.04,0,2,4,108,108,0,0,0,0
06,山形県,Yamagata,2020-12-09,57,56,2,4,216,215,0.26,1,2,4,26,26,0.04,0,2,4,108,108,0,1,0,0
06,山形県,Yamagata,2020-12-16,117,94,3,4,216,215,0.44,1,3,4,26,26,0.04,22,3,4,108,108,0.2,1,0,0
06,山形県,Yamagata,2020-12-23,95,81,3,4,216,215,0.38,6,3,4,26,26,0.23,8,3,4,108,108,0.07,6,0,0
06,山形県,Yamagata,2020-12-30,85,78,3,4,216,215,0.36,6,3,4,26,26,0.23,0,3,4,108,108,0,7,0,0
06,山形県,Yamagata,2021-01-06,58,55,3,4,216,215,0.25,5,3,4,26,26,0.19,0,3,4,108,108,0,3,0,0
06,山形県,Yamagata,2021-01-13,59,59,3,4,216,215,0.27,2,3,4,26,26,0.08,0,3,4,134,134,0,0,0,0
07,福島県,Fukushima,2020-09-02,58,58,2,4,469,350,0.12,1,2,4,42,50,0.02,0,2,4,100,160,0,0,0,0
07,福島県,Fukushima,2020-09-09,50,50,2,4,469,350,0.11,2,2,4,42,50,0.05,0,2,4,100,160,0,0,0,0
07,福島県,Fukushima,2020-09-16,45,45,2,4,469,350,0.1,1,2,4,42,50,0.02,0,2,4,160,160,0,0,0,0
07,福島県,Fukushima,2020-09-23,38,38,2,4,469,350,0.08,2,2,4,42,50,0.05,0,2,4,160,160,0,0,0,0
07,福島県,Fukushima,2020-09-30,38,38,2,4,469,350,0.08,3,2,4,42,50,0.07,0,1,4,160,160,0,0,0,0
07,福島県,Fukushima,2020-10-07,49,49,2,4,469,350,0.1,3,2,4,42,50,0.07,0,2,4,160,160,0,0,0,0
07,福島県,Fukushima,2020-10-14,70,68,2,4,469,350,0.14,3,2,4,42,50,0.07,2,2,4,160,160,0.01,0,0,0
07,福島県,Fukushima,2020-10-21,78,77,2,4,469,350,0.16,3,2,4,42,50,0.07,1,2,4,160,160,0.01,0,0,0
07,福島県,Fukushima,2020-10-28,42,41,2,4,469,350,0.09,5,2,4,42,50,0.12,1,2,4,160,160,0.01,0,0,0
07,福島県,Fukushima,2020-11-04,28,28,2,4,469,350,0.06,3,2,4,42,50,0.07,0,2,4,160,160,0,0,0,0
07,福島県,Fukushima,2020-11-11,38,34,2,4,469,350,0.07,3,2,4,42,50,0.07,4,2,4,160,160,0.03,0,0,0
07,福島県,Fukushima,2020-11-18,45,45,2,4,469,350,0.1,5,2,4,42,50,0.12,0,2,4,160,160,0,0,0,0
07,福島県,Fukushima,2020-11-25,56,52,2,4,469,350,0.11,4,2,4,42,50,0.1,1,2,4,160,160,0.01,0,0,3
07,福島県,Fukushima,2020-12-02,48,48,2,4,475,350,0.1,5,2,4,42,50,0.12,0,2,4,160,160,0,0,0,0
07,福島県,Fukushima,2020-12-09,64,63,2,4,475,350,0.13,5,2,4,42,50,0.12,1,2,4,160,160,0.01,0,0,0
07,福島県,Fukushima,2020-12-16,134,125,2,4,469,350,0.27,3,2,4,42,50,0.07,9,2,4,160,160,0.06,0,0,0
07,福島県,Fukushima,2020-12-23,171,163,3,4,469,350,0.35000000000000003,5,3,4,42,50,0.12,8,3,4,160,160,0.05,0,0,0
07,福島県,Fukushima,2020-12-30,211,156,3,4,469,350,0.33,7,3,4,42,50,0.17,55,3,4,160,160,0.34,0,0,0
07,福島県,Fukushima,2021-01-06,235,220,3,4,469,350,0.47000000000000003,8,3,4,42,50,0.19,15,3,4,160,160,0.09,0,0,0
07,福島県,Fukushima,2021-01-13,340,269,4,4,469,350,0.5700000000000001,9,4,4,42,50,0.21,71,4,4,160,160,0.44,0,0,0
08,茨城県,Ibaraki,2020-09-02,56,38,1,3,546,500,0.07,2,1,3,72,70,0.03,13,2,4,324,324,0.04,5,0,0
08,茨城県,Ibaraki,2020-09-09,53,36,1,3,546,500,0.07,3,1,3,72,70,0.04,9,2,4,324,324,0.03,8,0,0
08,茨城県,Ibaraki,2020-09-16,46,32,1,3,546,500,0.06,5,1,3,72,70,0.07,8,2,4,324,324,0.02,6,0,0
08,茨城県,Ibaraki,2020-09-23,31,22,1,3,546,500,0.04,5,1,3,72,70,0.07,6,2,4,324,324,0.02,3,0,0
08,茨城県,Ibaraki,2020-09-30,32,26,1,3,546,500,0.05,4,1,3,72,70,0.06,5,3,4,324,324,0.02,1,0,0
08,茨城県,Ibaraki,2020-10-07,49,40,1,3,546,500,0.07,5,1,3,72,70,0.07,7,3,4,324,324,0.02,2,0,0
08,茨城県,Ibaraki,2020-10-14,39,31,1,3,546,500,0.06,4,1,3,72,70,0.06,1,3,4,324,324,0,7,0,0
08,茨城県,Ibaraki,2020-10-21,31,18,1,3,546,500,0.03,2,1,3,72,70,0.03,13,3,4,324,324,0.04,0,0,0
08,茨城県,Ibaraki,2020-10-28,15,9,1,3,546,500,0.02,1,1,3,72,70,0.01,6,3,4,324,324,0.02,0,0,0
08,茨城県,Ibaraki,2020-11-04,35,22,1,3,546,500,0.04,0,1,3,72,70,0,10,3,4,324,324,0.03,3,0,0
08,茨城県,Ibaraki,2020-11-11,64,30,1,3,546,500,0.05,1,1,3,72,70,0.01,7,3,4,324,324,0.02,27,0,0
08,茨城県,Ibaraki,2020-11-18,225,71,2,3,546,500,0.13,3,2,3,72,70,0.04,32,3,4,324,324,0.1,122,0,0
08,茨城県,Ibaraki,2020-11-25,283,121,2,3,546,500,0.22,9,2,3,72,70,0.13,61,3,4,324,324,0.19,101,0,0
08,茨城県,Ibaraki,2020-12-02,354,165,3,3,550,500,0.3,11,3,3,70,70,0.16,50,3,4,324,324,0.15,125,14,0
08,茨城県,Ibaraki,2020-12-09,371,180,3,3,550,500,0.33,17,3,3,70,70,0.24,49,3,4,324,324,0.15,88,54,0
08,茨城県,Ibaraki,2020-12-16,281,150,3,3,550,500,0.27,13,3,3,70,70,0.19,62,3,4,324,324,0.19,55,14,0
08,茨城県,Ibaraki,2020-12-23,226,118,3,3,550,500,0.21,10,3,3,71,70,0.14,50,3,4,324,324,0.15,58,0,0
08,茨城県,Ibaraki,2020-12-30,262,119,3,3,545,500,0.22,7,3,3,70,70,0.1,85,4,4,324,324,0.26,58,0,0
08,茨城県,Ibaraki,2021-01-06,367,162,3,3,545,500,0.3,8,3,3,70,70,0.11,112,4,4,324,324,0.35000000000000003,93,0,0
08,茨城県,Ibaraki,2021-01-13,749,230,3,3,500,500,0.46,9,3,3,70,70,0.13,162,4,4,324,324,0.5,357,0,0
09,栃木県,Tochigi,2020-09-02,21,21,2,4,311,311,0.07,3,2,4,41,41,0.07,0,2,4,111,250,0,0,0,0
09,栃木県,Tochigi,2020-09-09,21,21,2,4,311,311,0.07,1,2,4,41,41,0.02,0,2,4,284,250,0,0,0,0
09,栃木県,Tochigi,2020-09-16,63,63,2,4,313,311,0.2,2,2,4,41,41,0.05,0,2,4,284,250,0,0,0,0
09,栃木県,Tochigi,2020-09-23,92,92,2,4,313,311,0.29,1,2,4,41,41,0.02,0,2,4,284,250,0,0,0,0
09,栃木県,Tochigi,2020-09-30,51,51,2,4,313,313,0.16,1,2,4,41,41,0.02,0,2,4,284,250,0,0,0,0
09,栃木県,Tochigi,2020-10-07,25,25,2,4,313,313,0.08,0,2,4,41,41,0,0,2,4,284,250,0,0,0,0
09,栃木県,Tochigi,2020-10-14,22,22,2,4,313,313,0.07,0,2,4,41,41,0,0,2,4,284,250,0,0,0,0
09,栃木県,Tochigi,2020-10-21,29,29,2,4,313,313,0.09,0,2,4,41,41,0,0,2,4,284,250,0,0,0,0
09,栃木県,Tochigi,2020-10-28,28,28,1,4,313,313,0.09,0,1,4,41,41,0,0,1,4,284,250,0,0,0,0
09,栃木県,Tochigi,2020-11-04,26,26,2,4,313,313,0.08,0,2,4,41,41,0,0,2,4,284,250,0,0,0,0
09,栃木県,Tochigi,2020-11-11,22,22,2,4,313,313,0.07,4,2,4,41,41,0.1,0,2,4,284,250,0,0,0,0
09,栃木県,Tochigi,2020-11-18,35,35,2,4,313,313,0.11,4,2,4,41,41,0.1,0,2,4,284,250,0,0,0,0
09,栃木県,Tochigi,2020-11-25,90,88,3,4,313,313,0.28,5,3,4,41,41,0.12,2,3,4,284,250,0.01,0,0,0
09,栃木県,Tochigi,2020-12-02,140,123,3,4,313,313,0.39,7,3,4,41,41,0.17,8,3,4,284,250,0.03,0,9,0
09,栃木県,Tochigi,2020-12-09,171,144,3,4,313,313,0.46,10,3,4,41,41,0.24,5,3,4,284,250,0.02,0,22,0
09,栃木県,Tochigi,2020-12-16,204,123,3,4,313,313,0.39,11,3,4,41,41,0.27,14,3,4,284,250,0.05,0,3,64
09,栃木県,Tochigi,2020-12-23,240,139,3,4,313,313,0.44,12,3,4,41,41,0.29,32,3,4,284,250,0.11,0,0,69
09,栃木県,Tochigi,2020-12-30,382,158,4,4,317,317,0.5,9,4,4,46,46,0.2,38,4,4,284,250,0.13,0,0,186
09,栃木県,Tochigi,2021-01-06,669,155,4,4,317,317,0.49,9,4,4,46,46,0.2,42,4,4,284,250,0.15,0,43,429
09,栃木県,Tochigi,2021-01-13,1129,201,4,4,317,317,0.63,17,4,4,46,46,0.37,69,4,4,284,250,0.24,0,91,768
10,群馬県,Gumma,2020-09-02,78,70,2,3,302,330,0.23,0,2,3,23,50,0,8,2,3,363,1300,0.02,0,0,0
10,群馬県,Gumma,2020-09-09,73,71,2,3,302,330,0.24,0,2,3,23,50,0,2,2,3,1300,1300,0,0,0,0
10,群馬県,Gumma,2020-09-16,97,93,2,3,305,330,0.3,1,2,3,23,50,0.04,4,2,3,1300,1300,0,0,0,0
10,群馬県,Gumma,2020-09-23,136,127,2,3,305,330,0.42,0,2,3,23,50,0,9,2,3,1300,1300,0.01,0,0,0
10,群馬県,Gumma,2020-09-30,53,45,2,3,305,330,0.15,2,2,3,23,50,0.09,8,2,3,1300,1300,0.01,0,0,0
10,群馬県,Gumma,2020-10-07,36,36,2,3,305,330,0.12,3,2,3,23,50,0.13,0,2,3,1300,1300,0,0,0,0
10,群馬県,Gumma,2020-10-14,38,34,2,3,305,330,0.11,4,2,3,23,50,0.17,4,2,3,1300,1300,0,0,0,0
10,群馬県,Gumma,2020-10-21,48,36,2,3,305,330,0.12,5,2,3,23,50,0.22,12,2,3,1300,1300,0.01,0,0,0
10,群馬県,Gumma,2020-10-28,100,46,2,3,305,330,0.15,5,2,3,23,50,0.22,54,2,3,1300,1300,0.04,0,0,0
10,群馬県,Gumma,2020-11-04,47,31,2,3,305,330,0.1,4,2,3,23,50,0.17,16,2,3,1300,1300,0.01,0,0,0
10,群馬県,Gumma,2020-11-11,38,23,2,3,316,330,0.07,2,2,3,23,50,0.09,15,2,3,1300,1300,0.01,0,0,0
10,群馬県,Gumma,2020-11-18,46,29,2,3,316,330,0.09,2,2,3,23,50,0.09,17,2,3,1300,1300,0.01,0,0,0
10,群馬県,Gumma,2020-11-25,110,79,2,3,316,330,0.25,2,2,3,23,50,0.09,31,2,3,1300,1300,0.02,0,0,0
10,群馬県,Gumma,2020-12-02,199,144,2,3,335,330,0.43,1,2,3,71,50,0.01,55,2,3,1300,1300,0.04,0,0,0
10,群馬県,Gumma,2020-12-09,247,165,3,3,335,330,0.49,7,2,3,71,50,0.1,82,3,3,1300,1300,0.06,0,0,0
10,群馬県,Gumma,2020-12-16,323,167,3,3,335,330,0.5,4,3,3,71,50,0.06,89,3,3,1300,1300,0.07,0,0,67
10,群馬県,Gumma,2020-12-23,341,207,3,3,335,330,0.62,10,3,3,71,50,0.14,107,3,3,1300,1300,0.08,0,0,27
10,群馬県,Gumma,2020-12-30,313,185,3,3,335,330,0.55,10,3,3,71,50,0.14,103,3,3,1300,1300,0.08,0,0,25
10,群馬県,Gumma,2021-01-06,352,180,3,3,335,330,0.54,10,3,3,71,50,0.14,129,3,3,1300,1300,0.1,0,0,43
10,群馬県,Gumma,2021-01-13,572,211,3,3,335,330,0.63,12,3,3,71,50,0.17,214,3,3,1300,1300,0.16,0,0,147
11,埼玉県,Saitama,2020-09-02,537,303,3,4,1078,1400,0.28,11,2,4,121,200,0.09,94,1,3,1225,1450,0.08,94,0,46
11,埼玉県,Saitama,2020-09-09,352,234,3,4,1095,1400,0.21,10,2,4,122,200,0.08,66,1,3,1225,1450,0.05,40,0,12
11,埼玉県,Saitama,2020-09-16,304,212,3,4,1095,1400,0.19,7,2,4,122,200,0.06,54,1,3,1225,1450,0.04,19,0,19
11,埼玉県,Saitama,2020-09-23,284,211,3,4,1201,1400,0.18,6,2,4,128,200,0.05,46,1,3,1225,1450,0.04,13,0,14
11,埼玉県,Saitama,2020-09-30,260,154,3,4,1201,1400,0.13,7,2,4,128,200,0.05,56,1,3,1225,1450,0.05,25,0,25
11,埼玉県,Saitama,2020-10-07,314,191,3,4,1201,1400,0.16,6,2,4,128,200,0.05,80,1,3,1225,1450,0.07,23,0,20
11,埼玉県,Saitama,2020-10-14,380,202,3,4,1206,1400,0.17,10,2,4,128,200,0.08,110,1,3,1225,1450,0.09,37,0,31
11,埼玉県,Saitama,2020-10-21,409,240,3,4,1206,1400,0.2,10,2,4,128,200,0.08,106,1,3,1225,1450,0.09,30,0,33
11,埼玉県,Saitama,2020-10-28,387,231,3,4,1206,1400,0.19,9,2,4,128,200,0.07,100,1,3,1225,1450,0.08,27,0,29
11,埼玉県,Saitama,2020-11-04,397,268,3,4,1206,1400,0.22,9,2,4,128,200,0.07,78,1,3,1225,1450,0.06,21,0,30
11,埼玉県,Saitama,2020-11-11,606,347,3,4,1206,1400,0.29,8,2,4,128,200,0.06,155,2,3,1225,1450,0.13,37,0,67
11,埼玉県,Saitama,2020-11-18,820,458,3,4,1232,1400,0.37,15,2,4,128,200,0.12,208,2,3,1225,1450,0.17,66,0,88
11,埼玉県,Saitama,2020-11-25,984,541,3,4,1232,1400,0.44,19,2,4,128,200,0.15,207,2,3,1225,1450,0.17,193,0,43
11,埼玉県,Saitama,2020-12-02,1203,590,4,4,1211,1400,0.49,31,2,4,128,200,0.24,158,2,3,1225,1450,0.13,351,0,104
11,埼玉県,Saitama,2020-12-09,1598,657,4,4,1211,1400,0.54,26,2,4,128,200,0.2,235,2,3,1351,1450,0.17,534,0,172
11,埼玉県,Saitama,2020-12-16,1785,639,4,4,1215,1400,0.53,42,2,4,130,200,0.32,212,2,3,1351,1450,0.16,761,0,173
11,埼玉県,Saitama,2020-12-23,2193,659,4,4,1229,1400,0.54,32,2,4,130,200,0.25,229,2,3,1351,1450,0.17,1109,0,196
11,埼玉県,Saitama,2020-12-30,2942,782,4,4,1229,1400,0.64,54,2,4,130,200,0.42,269,2,3,1359,1450,0.2,1647,0,244
11,埼玉県,Saitama,2021-01-06,3467,826,4,4,1267,1400,0.65,70,2,4,131,200,0.53,264,2,3,1359,1450,0.19,2008,0,369
11,埼玉県,Saitama,2021-01-13,4925,917,4,4,1267,1400,0.72,67,4,4,117,200,0.5700000000000001,282,2,3,1359,1450,0.21,3465,0,261
12,千葉県,Chiba,2020-09-02,370,242,3,4,1147,1200,0.21,9,3,4,101,180,0.09,58,3,4,710,1400,0.08,50,0,20
12,千葉県,Chiba,2020-09-09,294,190,3,4,1147,1200,0.17,8,3,4,101,180,0.08,42,3,4,710,1400,0.06,41,0,21
12,千葉県,Chiba,2020-09-16,300,198,3,4,1147,1200,0.17,7,3,4,101,180,0.07,47,3,4,710,1400,0.07,40,0,15
12,千葉県,Chiba,2020-09-23,339,195,3,4,1147,1200,0.17,6,3,4,101,180,0.06,55,3,4,710,1400,0.08,76,0,13
12,千葉県,Chiba,2020-09-30,285,168,3,4,1147,1200,0.15,6,3,4,101,180,0.06,52,3,4,710,1400,0.07,50,0,15
12,千葉県,Chiba,2020-10-07,324,178,3,4,1147,1200,0.16,10,3,4,101,180,0.1,83,3,4,710,1400,0.12,40,1,22
12,千葉県,Chiba,2020-10-14,325,178,3,4,1147,1200,0.16,12,3,4,101,180,0.12,66,3,4,710,1400,0.09,64,0,17
12,千葉県,Chiba,2020-10-21,337,183,3,4,1147,1200,0.16,9,3,4,101,180,0.09,61,3,4,710,1400,0.09,76,0,17
12,千葉県,Chiba,2020-10-28,381,193,3,4,1147,1200,0.17,11,3,4,101,180,0.11,107,3,4,710,1400,0.15,65,0,16
12,千葉県,Chiba,2020-11-04,328,169,3,4,1147,1200,0.15,10,3,4,101,180,0.1,78,3,4,710,1400,0.11,68,0,13
12,千葉県,Chiba,2020-11-11,411,188,3,4,1147,1200,0.16,6,3,4,101,180,0.06,132,3,4,710,1400,0.19,73,0,18
12,千葉県,Chiba,2020-11-18,619,254,3,4,1147,1200,0.22,8,3,4,101,180,0.08,158,3,4,710,1400,0.22,185,0,22
12,千葉県,Chiba,2020-11-25,777,343,3,4,1147,1200,0.3,9,3,4,101,180,0.09,163,3,4,710,1400,0.23,244,0,27
12,千葉県,Chiba,2020-12-02,874,336,3,4,1147,1200,0.29,10,3,4,101,180,0.1,162,3,4,710,1400,0.23,340,0,36
12,千葉県,Chiba,2020-12-09,780,332,3,4,1147,1200,0.29,15,3,4,101,180,0.15,181,3,4,710,1400,0.25,223,0,44
12,千葉県,Chiba,2020-12-16,1000,324,3,4,1147,1200,0.28,13,3,4,101,180,0.13,247,3,4,710,1400,0.35000000000000003,372,0,57
12,千葉県,Chiba,2020-12-23,1340,384,3,4,1147,1200,0.33,18,3,4,101,180,0.18,222,3,4,955,1400,0.23,656,0,78
12,千葉県,Chiba,2020-12-30,1899,485,4,4,1145,1200,0.42,16,4,4,94,180,0.17,250,4,4,815,1400,0.31,1075,0,89
12,千葉県,Chiba,2021-01-06,2848,531,4,4,1144,1200,0.46,22,4,4,94,180,0.23,215,4,4,815,1400,0.26,1967,0,135
12,千葉県,Chiba,2021-01-13,4667,613,4,4,1144,1200,0.54,31,4,4,94,180,0.33,315,4,4,815,1400,0.39,3576,0,163
13,東京都,Tokyo,2020-09-02,2565,1418,3,4,4000,4000,0.35000000000000003,101,3,4,500,500,0.2,265,3,4,1860,3000,0.14,466,3,413
13,東京都,Tokyo,2020-09-09,2201,1255,3,4,4000,4000,0.31,106,2,4,500,500,0.21,179,3,4,1860,3000,0.1,405,9,353
13,東京都,Tokyo,2020-09-16,2285,1234,3,4,4000,4000,0.31,116,2,4,500,500,0.23,261,3,4,1860,3000,0.14,417,2,371
13,東京都,Tokyo,2020-09-23,2349,1250,3,4,4000,4000,0.31,119,2,4,500,500,0.24,239,3,4,1860,3000,0.13,475,0,385
13,東京都,Tokyo,2020-09-30,2184,1182,3,4,4000,4000,0.3,113,2,4,500,500,0.23,249,3,4,1860,3000,0.13,455,2,296
13,東京都,Tokyo,2020-10-07,1934,996,3,4,4000,4000,0.25,128,2,4,500,500,0.26,243,3,4,1860,3000,0.13,415,0,280
13,東京都,Tokyo,2020-10-14,2014,1146,3,4,4000,4000,0.29,135,2,4,500,500,0.27,308,3,4,1910,3000,0.16,390,1,169
13,東京都,Tokyo,2020-10-21,1710,1008,3,4,4000,4000,0.25,116,2,4,500,500,0.23,295,3,4,1910,3000,0.15,234,0,173
13,東京都,Tokyo,2020-10-28,1616,960,3,4,4000,4000,0.24,121,2,4,500,500,0.24,261,3,4,1910,3000,0.14,217,0,178
13,東京都,Tokyo,2020-11-04,1816,1042,3,4,4000,4000,0.26,128,2,4,500,500,0.26,274,3,4,1910,3000,0.14,206,0,294
13,東京都,Tokyo,2020-11-11,2135,1070,3,4,4000,4000,0.27,154,2,4,500,500,0.31,382,3,4,1910,3000,0.2,347,1,335
13,東京都,Tokyo,2020-11-18,2751,1312,3,4,4000,4000,0.33,187,2,4,500,500,0.37,592,3,4,1910,3000,0.31,520,0,327
13,東京都,Tokyo,2020-11-25,3754,1611,3,4,4000,4000,0.4,250,2,4,500,500,0.5,895,3,4,1910,3000,0.47000000000000003,841,0,407
13,東京都,Tokyo,2020-12-02,3937,1698,3,4,4000,4000,0.42,246,2,4,500,500,0.49,712,3,4,1910,3000,0.37,1050,0,477
13,東京都,Tokyo,2020-12-09,4429,1851,3,4,4000,4000,0.46,275,2,4,500,500,0.55,804,3,4,1910,3000,0.42,1103,6,665
13,東京都,Tokyo,2020-12-16,5070,1987,4,4,4000,4000,0.5,332,4,4,500,500,0.66,938,3,4,2360,3000,0.4,1294,0,851
13,東京都,Tokyo,2020-12-23,6007,2148,4,4,4000,4000,0.54,343,4,4,500,500,0.6900000000000001,983,3,4,2360,3000,0.42,1895,28,953
13,東京都,Tokyo,2020-12-30,8235,2457,4,4,4000,4000,0.61,379,4,4,500,500,0.76,1107,3,4,2360,3000,0.47000000000000003,3036,32,1603
13,東京都,Tokyo,2021-01-06,12431,3134,4,4,4000,4000,0.78,437,4,4,500,500,0.87,924,4,4,2360,3000,0.39,5124,26,3223
13,東京都,Tokyo,2021-01-13,19207,3326,4,4,4000,4000,0.8300000000000001,8,4,4,8,500,0.08,981,4,4,2360,3000,0.42,8518,76,6306
14,神奈川県,Kanagawa,2020-09-02,570,265,1,3,1939,1939,0.14,23,1,3,200,200,0.12,136,1,2,1000,1000,0.14,169,0,0
14,神奈川県,Kanagawa,2020-09-09,607,269,1,3,1939,1939,0.14,30,1,3,200,200,0.15,131,1,2,545,1000,0.24,189,18,0
14,神奈川県,Kanagawa,2020-09-16,599,286,1,3,1939,1939,0.15,32,1,3,200,200,0.16,112,1,2,825,1000,0.14,199,2,0
14,神奈川県,Kanagawa,2020-09-23,635,275,1,3,1939,1939,0.14,24,1,3,200,200,0.12,127,1,2,825,1000,0.15,233,0,0
14,神奈川県,Kanagawa,2020-09-30,530,289,1,3,1939,1939,0.15,27,1,3,200,200,0.14,118,1,2,811,1000,0.15,123,0,0
14,神奈川県,Kanagawa,2020-10-07,515,281,1,3,1939,1939,0.14,20,1,3,200,200,0.1,121,1,2,811,1000,0.15,113,0,0
14,神奈川県,Kanagawa,2020-10-14,508,257,1,3,1939,1939,0.13,23,1,3,200,200,0.12,121,1,2,811,1000,0.15,130,0,0
14,神奈川県,Kanagawa,2020-10-21,556,267,1,3,1939,1939,0.14,23,1,3,200,200,0.12,141,1,2,861,1000,0.16,148,0,0
14,神奈川県,Kanagawa,2020-10-28,532,261,1,3,1939,1939,0.13,24,1,3,200,200,0.12,108,1,2,862,1000,0.13,163,0,0
14,神奈川県,Kanagawa,2020-11-04,545,245,1,3,1939,1939,0.13,24,1,3,200,200,0.12,131,1,2,862,1000,0.15,169,0,0
14,神奈川県,Kanagawa,2020-11-11,662,329,1,3,1939,1939,0.17,23,1,3,200,200,0.12,163,1,2,861,1000,0.19,170,0,0
14,神奈川県,Kanagawa,2020-11-18,1027,410,2,3,1939,1939,0.21,35,2,3,200,200,0.18,264,2,2,859,1000,0.31,353,0,0
14,神奈川県,Kanagawa,2020-11-25,1207,434,2,3,1939,1939,0.22,44,2,3,200,200,0.22,338,2,2,867,1000,0.39,435,0,0
14,神奈川県,Kanagawa,2020-12-02,1363,452,2,3,1939,1939,0.23,60,2,3,200,200,0.3,207,2,2,867,1000,0.24,704,0,0
14,神奈川県,Kanagawa,2020-12-09,1121,436,2,3,1939,1939,0.22,65,2,3,200,200,0.33,225,2,2,886,1000,0.25,460,0,0
14,神奈川県,Kanagawa,2020-12-16,1584,453,2,3,1939,1939,0.23,56,2,3,200,200,0.28,322,2,2,1134,1000,0.28,809,0,0
14,神奈川県,Kanagawa,2020-12-23,2019,537,2,3,1939,1939,0.28,57,2,3,200,200,0.29,408,2,2,1201,1000,0.34,1074,0,0
14,神奈川県,Kanagawa,2020-12-30,2974,550,2,3,1939,1939,0.28,59,2,3,200,200,0.3,512,2,2,1201,1000,0.43,1912,0,0
14,神奈川県,Kanagawa,2021-01-06,3447,673,2,3,1939,1939,0.35000000000000003,79,2,3,200,200,0.4,428,2,2,1247,1000,0.34,2346,0,0
14,神奈川県,Kanagawa,2021-01-13,5635,829,2,3,1939,1939,0.43,102,2,3,200,200,0.51,538,2,2,1261,1000,0.43,4268,0,0
15,新潟県,Niigata,2020-09-02,8,8,1,3,456,456,0.02,0,1,3,112,112,0,0,1,3,176,176,0,0,0,0
15,新潟県,Niigata,2020-09-09,7,7,1,3,456,456,0.02,1,1,3,112,112,0.01,0,1,3,176,176,0,0,0,0
15,新潟県,Niigata,2020-09-16,7,7,1,3,456,456,0.02,1,1,3,112,112,0.01,0,1,3,176,176,0,0,0,0
15,新潟県,Niigata,2020-09-23,20,20,1,3,456,456,0.04,1,1,3,112,112,0.01,0,1,3,176,176,0,0,0,0
15,新潟県,Niigata,2020-09-30,9,9,1,3,456,456,0.02,0,1,3,112,112,0,0,1,3,176,176,0,0,0,0
15,新潟県,Niigata,2020-10-07,2,2,1,3,456,456,0,0,1,3,112,112,0,0,1,3,176,176,0,0,0,0
15,新潟県,Niigata,2020-10-14,6,6,1,3,456,456,0.01,0,1,3,112,112,0,0,1,3,176,176,0,0,0,0
15,新潟県,Niigata,2020-10-21,1,1,1,3,456,456,0,0,1,3,112,112,0,0,1,3,176,176,0,0,0,0
15,新潟県,Niigata,2020-10-28,3,3,1,3,456,456,0.01,0,1,3,112,112,0,0,1,3,176,176,0,0,0,0
15,新潟県,Niigata,2020-11-04,4,4,1,3,456,456,0.01,0,1,3,112,112,0,0,1,3,176,176,0,0,0,0
15,新潟県,Niigata,2020-11-11,18,18,1,3,456,456,0.04,0,1,3,112,112,0,0,1,3,176,176,0,0,0,0
15,新潟県,Niigata,2020-11-18,72,69,1,3,456,456,0.15,0,1,3,112,112,0,3,1,3,176,176,0.02,0,0,0
15,新潟県,Niigata,2020-11-25,101,94,2,3,456,456,0.21,0,2,3,112,112,0,7,1,3,176,176,0.04,0,0,0
15,新潟県,Niigata,2020-12-02,93,83,2,3,456,456,0.18,0,2,3,112,112,0,10,1,3,176,176,0.06,0,0,0
15,新潟県,Niigata,2020-12-09,79,71,2,3,456,456,0.16,0,2,3,112,112,0,2,1,3,176,176,0.01,6,0,0
15,新潟県,Niigata,2020-12-16,79,65,2,3,456,456,0.14,0,2,3,112,112,0,7,1,3,176,176,0.04,7,0,0
15,新潟県,Niigata,2020-12-23,69,57,2,3,456,456,0.13,0,2,3,112,112,0,7,1,3,176,176,0.04,5,0,0
15,新潟県,Niigata,2020-12-30,95,75,2,3,456,456,0.16,0,2,3,112,112,0,18,1,3,176,176,0.1,2,0,0
15,新潟県,Niigata,2021-01-06,106,71,2,3,456,456,0.16,0,2,3,112,112,0,28,1,3,176,176,0.16,7,0,0
15,新潟県,Niigata,2021-01-13,162,115,2,3,456,456,0.25,0,2,3,112,112,0,34,1,3,176,176,0.19,13,0,0
16,富山県,Toyama,2020-09-02,58,50,2,4,500,500,0.1,0,2,4,36,36,0,8,2,4,100,100,0.08,0,0,0
16,富山県,Toyama,2020-09-09,24,22,2,4,500,500,0.04,1,2,4,36,36,0.03,2,2,4,100,100,0.02,0,0,0
16,富山県,Toyama,2020-09-16,12,12,1,4,500,500,0.02,0,1,4,36,36,0,0,1,4,100,100,0,0,0,0
16,富山県,Toyama,2020-09-23,5,5,1,4,500,500,0.01,0,1,4,36,36,0,0,1,4,100,100,0,0,0,0
16,富山県,Toyama,2020-09-30,9,9,1,4,500,500,0.02,1,1,4,36,36,0.03,0,1,4,100,100,0,0,0,0
16,富山県,Toyama,2020-10-07,9,9,1,4,500,500,0.02,1,1,4,36,36,0.03,0,1,4,125,100,0,0,0,0
16,富山県,Toyama,2020-10-14,2,2,1,4,500,500,0,0,1,4,36,36,0,0,1,4,125,100,0,0,0,0
16,富山県,Toyama,2020-10-21,0,0,1,4,500,500,0,0,1,4,36,36,0,0,1,4,125,100,0,0,0,0
16,富山県,Toyama,2020-10-28,0,0,1,4,500,500,0,0,1,4,36,36,0,0,1,4,125,100,0,0,0,0
16,富山県,Toyama,2020-11-04,1,0,1,4,500,500,0,0,1,4,36,36,0,1,1,4,125,100,0.01,0,0,0
16,富山県,Toyama,2020-11-11,2,2,1,4,500,500,0,0,1,4,36,36,0,0,1,4,125,100,0,0,0,0
16,富山県,Toyama,2020-11-18,5,5,1,4,500,500,0.01,0,1,4,36,36,0,0,1,4,125,100,0,0,0,0
16,富山県,Toyama,2020-11-25,19,16,1,4,500,500,0.03,0,1,4,36,36,0,3,1,4,125,100,0.02,0,0,0
16,富山県,Toyama,2020-12-02,18,17,2,4,500,500,0.03,0,2,4,36,36,0,1,2,4,125,100,0.01,0,0,0
16,富山県,Toyama,2020-12-09,6,6,2,4,500,500,0.01,0,2,4,36,36,0,0,2,4,125,100,0,0,0,0
16,富山県,Toyama,2020-12-16,16,15,2,4,500,500,0.03,1,2,4,36,36,0.03,0,2,4,125,100,0,1,0,0
16,富山県,Toyama,2020-12-23,31,28,2,4,500,500,0.06,1,2,4,36,36,0.03,2,2,4,430,100,0,1,0,0
16,富山県,Toyama,2020-12-30,50,29,2,4,500,500,0.06,2,2,4,36,36,0.06,10,2,4,430,100,0.02,11,0,0
16,富山県,Toyama,2021-01-06,61,55,2,4,500,500,0.11,2,2,4,36,36,0.06,5,2,4,377,100,0.01,1,0,0
16,富山県,Toyama,2021-01-13,148,68,2,4,500,500,0.14,2,2,4,36,36,0.06,68,2,4,377,100,0.18,12,0,0
17,石川県,Ishikawa,2020-09-02,136,131,2,2,258,254,0.51,5,2,2,35,35,0.14,3,2,2,340,340,0.01,0,0,2
17,石川県,Ishikawa,2020-09-09,111,101,2,2,258,254,0.39,7,2,2,35,35,0.2,10,2,2,340,340,0.03,0,0,0
17,石川県,Ishikawa,2020-09-16,72,65,2,2,258,254,0.25,5,2,2,35,35,0.14,7,2,2,340,340,0.02,0,0,0
17,石川県,Ishikawa,2020-09-23,69,68,2,2,258,254,0.26,5,2,2,35,35,0.14,1,2,2,340,340,0,0,0,0
17,石川県,Ishikawa,2020-09-30,46,40,2,2,258,254,0.16,4,2,2,35,35,0.11,6,2,2,340,340,0.02,0,0,0
17,石川県,Ishikawa,2020-10-07,27,26,1,2,258,254,0.1,4,1,2,35,35,0.11,1,1,2,340,340,0,0,0,0
17,石川県,Ishikawa,2020-10-14,20,20,1,2,258,254,0.08,4,1,2,35,35,0.11,0,1,2,340,340,0,0,0,0
17,石川県,Ishikawa,2020-10-21,22,22,1,2,258,254,0.09,3,1,2,35,35,0.09,0,1,2,340,340,0,0,0,0
17,石川県,Ishikawa,2020-10-28,11,9,1,2,258,254,0.03,1,1,2,35,35,0.03,2,1,2,340,340,0.01,0,0,0
17,石川県,Ishikawa,2020-11-04,19,18,1,2,258,254,0.07,1,1,2,35,35,0.03,1,1,2,340,340,0,0,0,0
17,石川県,Ishikawa,2020-11-11,16,16,1,2,258,254,0.06,1,1,2,35,35,0.03,0,1,2,340,340,0,0,0,0
17,石川県,Ishikawa,2020-11-18,7,6,1,2,258,254,0.02,0,1,2,35,35,0,1,1,2,340,340,0,0,0,0
17,石川県,Ishikawa,2020-11-25,9,7,1,2,258,254,0.03,0,1,2,35,35,0,2,1,2,340,340,0.01,0,0,0
17,石川県,Ishikawa,2020-12-02,24,22,1,2,258,254,0.09,0,1,2,35,35,0,2,1,2,340,340,0.01,0,0,0
17,石川県,Ishikawa,2020-12-09,31,30,1,2,258,254,0.12,0,1,2,35,35,0,1,1,2,340,340,0,0,0,0
17,石川県,Ishikawa,2020-12-16,55,53,1,2,258,254,0.21,0,1,2,35,35,0,2,1,2,340,340,0.01,0,0,0
17,石川県,Ishikawa,2020-12-23,86,82,2,2,258,254,0.32,0,2,2,35,35,0,4,2,2,340,340,0.01,0,0,0
17,石川県,Ishikawa,2020-12-30,105,101,2,2,258,254,0.39,7,2,2,35,35,0.2,4,2,2,340,340,0.01,0,0,0
17,石川県,Ishikawa,2021-01-06,138,128,2,2,258,254,0.5,6,2,2,35,35,0.17,10,2,2,340,340,0.03,0,0,0
17,石川県,Ishikawa,2021-01-13,154,128,2,2,258,254,0.5,10,2,2,35,35,0.29,26,2,2,340,340,0.08,0,0,0
18,福井県,Fukui,2020-09-02,68,65,3,4,190,190,0.34,3,3,4,24,24,0.13,3,3,4,75,75,0.04,0,0,0
18,福井県,Fukui,2020-09-09,53,53,3,4,215,215,0.25,5,3,4,24,24,0.21,0,3,4,75,75,0,0,0,0
18,福井県,Fukui,2020-09-16,24,24,3,4,215,215,0.11,4,3,4,24,24,0.17,0,3,4,75,75,0,0,0,0
18,福井県,Fukui,2020-09-23,9,9,3,4,215,215,0.04,2,3,4,24,24,0.08,0,3,4,75,75,0,0,0,0
18,福井県,Fukui,2020-09-30,2,2,1,4,215,215,0.01,1,1,4,24,24,0.04,0,1,4,75,75,0,0,0,0
18,福井県,Fukui,2020-10-07,2,2,1,4,215,215,0.01,0,1,4,24,24,0,0,1,4,75,75,0,0,0,0
18,福井県,Fukui,2020-10-14,4,4,1,4,215,215,0.02,0,1,4,24,24,0,0,1,4,75,75,0,0,0,0
18,福井県,Fukui,2020-10-21,8,8,1,4,215,215,0.04,0,1,4,24,24,0,0,1,4,75,75,0,0,0,0
18,福井県,Fukui,2020-10-28,2,2,1,4,215,215,0.01,0,1,4,24,24,0,0,1,4,75,75,0,0,0,0
18,福井県,Fukui,2020-11-04,1,1,1,4,215,215,0,1,1,4,24,24,0.04,0,1,4,75,75,0,0,0,0
18,福井県,Fukui,2020-11-11,10,10,1,4,215,215,0.05,0,1,4,24,24,0,0,1,4,75,75,0,0,0,0
18,福井県,Fukui,2020-11-18,19,19,1,4,215,215,0.09,0,1,4,24,24,0,0,1,4,75,75,0,0,0,0
18,福井県,Fukui,2020-11-25,30,30,2,4,215,215,0.14,0,2,4,24,24,0,0,1,4,75,75,0,0,0,0
18,福井県,Fukui,2020-12-02,22,22,2,4,215,215,0.1,0,2,4,24,24,0,0,1,4,75,75,0,0,0,0
18,福井県,Fukui,2020-12-09,17,17,2,4,215,215,0.08,2,2,4,24,24,0.08,0,1,4,75,75,0,0,0,0
18,福井県,Fukui,2020-12-16,16,16,2,4,215,215,0.07,2,2,4,24,24,0.08,0,1,4,75,75,0,0,0,0
18,福井県,Fukui,2020-12-23,12,12,2,4,215,215,0.06,2,2,4,24,24,0.08,0,1,4,75,75,0,0,0,0
18,福井県,Fukui,2020-12-30,17,17,2,4,215,215,0.08,1,2,4,24,24,0.04,0,1,4,75,75,0,0,0,0
18,福井県,Fukui,2021-01-06,18,18,2,4,215,215,0.08,0,2,4,24,24,0,0,1,4,75,75,0,0,0,0
18,福井県,Fukui,2021-01-13,39,39,2,4,255,255,0.15,1,2,4,24,24,0.04,0,1,4,75,75,0,0,0,0
19,山梨県,Yamanashi,2020-09-02,15,15,2,4,285,250,0.05,1,2,4,24,24,0.04,0,2,4,100,100,0,0,0,0
19,山梨県,Yamanashi,2020-09-09,10,10,2,4,285,250,0.04,1,2,4,24,24,0.04,0,2,4,100,100,0,0,0,0
19,山梨県,Yamanashi,2020-09-16,9,9,1,4,285,250,0.03,2,1,4,24,24,0.08,0,1,4,100,100,0,0,0,0
19,山梨県,Yamanashi,2020-09-23,4,4,1,4,285,250,0.01,1,1,4,24,24,0.04,0,1,4,100,100,0,0,0,0
19,山梨県,Yamanashi,2020-09-30,6,6,1,4,285,250,0.02,2,1,4,24,24,0.08,0,1,4,100,100,0,0,0,0
19,山梨県,Yamanashi,2020-10-07,13,7,1,4,285,250,0.02,1,1,4,24,24,0.04,6,1,4,100,100,0.06,0,0,0
19,山梨県,Yamanashi,2020-10-14,4,4,1,4,285,250,0.01,1,1,4,24,24,0.04,0,1,4,100,100,0,0,0,0
19,山梨県,Yamanashi,2020-10-21,1,1,1,4,285,250,0,0,1,4,24,24,0,0,1,4,100,100,0,0,0,0
19,山梨県,Yamanashi,2020-10-28,8,8,1,4,285,250,0.03,0,1,4,24,24,0,0,1,4,100,100,0,0,0,0
19,山梨県,Yamanashi,2020-11-04,16,14,1,4,285,250,0.05,0,1,4,24,24,0,2,1,4,100,100,0.02,0,0,0
19,山梨県,Yamanashi,2020-11-11,32,31,1,4,285,250,0.11,1,1,4,24,24,0.04,1,1,4,100,100,0.01,0,0,0
19,山梨県,Yamanashi,2020-11-18,58,52,2,4,285,250,0.18,2,2,4,24,24,0.08,6,2,4,139,100,0.04,0,0,0
19,山梨県,Yamanashi,2020-11-25,56,53,2,4,285,250,0.19,2,2,4,24,24,0.08,3,2,4,139,100,0.02,0,0,0
19,山梨県,Yamanashi,2020-12-02,50,49,2,4,285,250,0.17,2,2,4,24,24,0.08,1,2,4,139,100,0.01,0,0,0
19,山梨県,Yamanashi,2020-12-09,91,77,2,4,285,250,0.27,0,2,4,24,24,0,14,2,4,139,100,0.1,0,0,0
19,山梨県,Yamanashi,2020-12-16,44,40,2,4,285,250,0.14,1,2,4,24,24,0.04,4,2,4,139,100,0.03,0,0,0
19,山梨県,Yamanashi,2020-12-23,44,41,2,4,285,250,0.14,2,2,4,24,24,0.08,3,2,4,139,100,0.02,0,0,0
19,山梨県,Yamanashi,2020-12-30,61,56,2,4,285,250,0.2,3,2,4,24,24,0.13,5,2,4,139,100,0.04,0,0,0
19,山梨県,Yamanashi,2021-01-06,102,81,2,4,285,250,0.28,2,2,4,24,24,0.08,21,2,4,139,100,0.15,0,0,0
19,山梨県,Yamanashi,2021-01-13,177,141,3,4,285,250,0.49,4,3,4,24,24,0.17,36,3,4,139,100,0.26,0,0,0
20,長野県,Nagano,2020-09-02,91,86,2,4,350,350,0.25,0,2,4,48,48,0,0,2,4,250,250,0,0,0,5
20,長野県,Nagano,2020-09-09,40,40,2,4,350,350,0.11,0,2,4,48,48,0,0,2,4,250,250,0,0,0,0
20,長野県,Nagano,2020-09-16,19,18,2,4,350,350,0.05,0,2,4,48,48,0,1,2,4,250,250,0,0,0,0
20,長野県,Nagano,2020-09-23,10,10,2,4,350,350,0.03,0,2,4,48,48,0,0,2,4,250,250,0,0,0,0
20,長野県,Nagano,2020-09-30,5,5,2,4,350,350,0.01,0,2,4,48,48,0,0,2,4,250,250,0,0,0,0
20,長野県,Nagano,2020-10-07,11,11,2,4,350,350,0.03,0,2,4,48,48,0,0,2,4,250,250,0,0,0,0
20,長野県,Nagano,2020-10-14,6,5,2,4,350,350,0.01,0,2,4,48,48,0,1,2,4,250,250,0,0,0,0
20,長野県,Nagano,2020-10-21,8,8,2,4,350,350,0.02,1,2,4,48,48,0.02,0,2,4,250,250,0,0,0,0
20,長野県,Nagano,2020-10-28,8,8,2,4,350,350,0.02,1,2,4,48,48,0.02,0,2,4,250,250,0,0,0,0
20,長野県,Nagano,2020-11-04,16,16,2,4,350,350,0.05,0,2,4,48,48,0,0,2,4,250,250,0,0,0,0
20,長野県,Nagano,2020-11-11,50,48,2,4,350,350,0.14,0,2,4,48,48,0,2,2,4,250,250,0.01,0,0,0
20,長野県,Nagano,2020-11-18,116,71,2,4,350,350,0.2,0,2,4,48,48,0,24,2,4,250,250,0.1,21,0,0
20,長野県,Nagano,2020-11-25,132,104,2,4,350,350,0.3,0,2,4,48,48,0,14,2,4,250,250,0.06,14,0,0
20,長野県,Nagano,2020-12-02,123,99,3,4,350,350,0.28,0,3,4,48,48,0,13,3,4,250,250,0.05,11,0,0
20,長野県,Nagano,2020-12-09,162,118,3,4,350,350,0.34,4,3,4,48,48,0.08,16,3,4,250,250,0.06,14,0,14
20,長野県,Nagano,2020-12-16,194,161,3,4,350,350,0.46,6,3,4,48,48,0.13,22,3,4,250,250,0.09,11,0,0
20,長野県,Nagano,2020-12-23,155,132,3,4,350,350,0.38,5,3,4,48,48,0.1,9,3,4,250,250,0.04,12,0,2
20,長野県,Nagano,2020-12-30,123,91,3,4,350,350,0.26,3,3,4,48,48,0.06,20,3,4,250,250,0.08,12,0,0
20,長野県,Nagano,2021-01-06,202,137,3,4,350,350,0.39,3,3,4,48,48,0.06,57,3,4,250,250,0.23,6,0,2
20,長野県,Nagano,2021-01-13,490,223,4,4,350,350,0.64,9,4,4,48,48,0.19,147,3,4,250,250,0.59,97,0,23
21,岐阜県,Gifu,2020-09-02,27,27,2,3,625,625,0.04,3,2,3,51,51,0.06,0,2,3,466,466,0,0,0,0
21,岐阜県,Gifu,2020-09-09,18,18,1,3,625,625,0.03,2,1,3,51,51,0.04,0,1,3,466,466,0,0,0,0
21,岐阜県,Gifu,2020-09-16,37,37,1,3,625,625,0.06,1,1,3,51,51,0.02,0,1,3,466,466,0,0,0,0
21,岐阜県,Gifu,2020-09-23,19,19,1,3,625,625,0.03,1,1,3,51,51,0.02,0,1,3,466,466,0,0,0,0
21,岐阜県,Gifu,2020-09-30,31,31,1,3,625,625,0.05,2,1,3,51,51,0.04,0,1,3,466,466,0,0,0,0
21,岐阜県,Gifu,2020-10-07,17,17,1,3,625,625,0.03,2,1,3,51,51,0.04,0,1,3,466,466,0,0,0,0
21,岐阜県,Gifu,2020-10-14,11,11,1,3,625,625,0.02,1,1,3,51,51,0.02,0,1,3,466,466,0,0,0,0
21,岐阜県,Gifu,2020-10-21,17,17,1,3,625,625,0.03,1,1,3,51,51,0.02,0,1,3,466,466,0,0,0,0
21,岐阜県,Gifu,2020-10-28,28,28,1,3,625,625,0.04,1,1,3,51,51,0.02,0,1,3,466,466,0,0,0,0
21,岐阜県,Gifu,2020-11-04,42,42,1,3,625,625,0.07,1,1,3,51,51,0.02,0,1,3,466,466,0,0,0,0
21,岐阜県,Gifu,2020-11-11,88,88,1,3,625,625,0.14,0,1,3,51,51,0,0,1,3,466,466,0,0,0,0
21,岐阜県,Gifu,2020-11-18,107,103,1,3,625,625,0.16,0,1,3,51,51,0,4,1,3,466,466,0.01,0,0,0
21,岐阜県,Gifu,2020-11-25,144,134,2,3,625,625,0.21,1,2,3,51,51,0.02,10,1,3,466,466,0.02,0,0,0
21,岐阜県,Gifu,2020-12-02,214,200,3,3,625,625,0.32,1,3,3,51,51,0.02,14,1,3,466,466,0.03,0,0,0
21,岐阜県,Gifu,2020-12-09,284,247,3,3,625,625,0.4,1,3,3,51,51,0.02,37,1,3,466,466,0.08,0,0,0
21,岐阜県,Gifu,2020-12-16,370,287,3,3,625,625,0.46,5,3,3,51,51,0.1,83,3,3,466,466,0.18,0,0,0
21,岐阜県,Gifu,2020-12-23,368,268,3,3,625,625,0.43,8,3,3,51,51,0.16,40,3,3,466,466,0.09,0,0,60
21,岐阜県,Gifu,2020-12-30,474,305,3,3,625,625,0.49,11,3,3,51,51,0.22,83,3,3,466,466,0.18,0,0,86
21,岐阜県,Gifu,2021-01-06,657,325,3,3,625,625,0.52,12,3,3,51,51,0.24,134,3,3,466,466,0.29,0,0,198
21,岐阜県,Gifu,2021-01-13,726,373,3,3,625,625,0.6,17,3,3,51,51,0.33,188,3,3,466,466,0.4,0,0,165
22,静岡県,Shizuoka,2020-09-02,41,34,3,4,466,450,0.07,1,3,4,37,67,0.03,4,3,4,450,450,0.01,0,0,3
22,静岡県,Shizuoka,2020-09-09,30,27,3,4,384,450,0.07,2,3,4,34,67,0.06,0,3,4,223,450,0,0,0,3
22,静岡県,Shizuoka,2020-09-16,20,16,2,4,384,450,0.04,1,2,4,34,67,0.03,1,2,4,223,450,0,0,0,3
22,静岡県,Shizuoka,2020-09-23,17,9,2,4,384,450,0.02,1,2,4,34,67,0.03,5,2,4,223,450,0.02,0,0,3
22,静岡県,Shizuoka,2020-09-30,16,8,1,4,384,450,0.02,1,1,4,34,67,0.03,2,1,4,223,450,0.01,0,0,6
22,静岡県,Shizuoka,2020-10-07,30,17,1,4,384,450,0.04,2,1,4,34,67,0.06,9,1,4,379,450,0.02,0,0,4
22,静岡県,Shizuoka,2020-10-14,9,5,2,4,384,450,0.01,0,2,4,34,67,0,3,2,4,379,450,0.01,0,0,1
22,静岡県,Shizuoka,2020-10-21,14,9,2,4,384,450,0.02,0,2,4,34,67,0,5,2,4,379,450,0.01,0,0,0
22,静岡県,Shizuoka,2020-10-28,27,23,1,4,384,450,0.06,0,1,4,34,67,0,2,1,4,379,450,0.01,0,0,2
22,静岡県,Shizuoka,2020-11-04,71,34,2,4,384,450,0.09,0,2,4,34,67,0,21,2,4,379,450,0.06,0,0,16
22,静岡県,Shizuoka,2020-11-11,104,78,3,4,384,450,0.2,0,3,4,34,67,0,16,3,4,379,450,0.04,0,0,10
22,静岡県,Shizuoka,2020-11-18,172,84,3,4,398,450,0.21,2,3,4,34,67,0.06,52,3,4,379,450,0.14,0,0,36
22,静岡県,Shizuoka,2020-11-25,413,160,4,4,408,450,0.39,4,4,4,34,67,0.12,81,4,4,379,450,0.21,0,0,172
22,静岡県,Shizuoka,2020-12-02,529,195,4,4,472,450,0.41000000000000003,8,4,4,73,67,0.11,57,4,4,592,450,0.1,0,0,277
22,静岡県,Shizuoka,2020-12-09,616,164,4,4,472,450,0.35000000000000003,13,4,4,73,67,0.18,44,4,4,592,450,0.07,0,0,408
22,静岡県,Shizuoka,2020-12-16,677,176,4,4,442,450,0.4,16,4,4,38,67,0.42,45,4,4,592,450,0.08,0,0,456
22,静岡県,Shizuoka,2020-12-23,496,177,4,4,442,450,0.4,8,4,4,38,67,0.21,44,4,4,592,450,0.07,0,0,275
22,静岡県,Shizuoka,2020-12-30,407,180,4,4,442,450,0.41000000000000003,9,4,4,38,67,0.24,46,4,4,592,450,0.08,0,0,181
22,静岡県,Shizuoka,2021-01-06,535,155,4,4,442,450,0.35000000000000003,6,4,4,38,67,0.16,67,4,4,592,450,0.11,0,0,313
22,静岡県,Shizuoka,2021-01-13,858,177,4,4,470,450,0.38,10,4,4,38,67,0.26,127,4,4,592,450,0.21,0,0,554
23,愛知県,Aichi,2020-09-02,684,289,3,4,791,839,0.37,16,3,4,70,121,0.23,50,3,4,1300,1300,0.04,321,0,24
23,愛知県,Aichi,2020-09-09,444,219,3,4,791,839,0.28,17,3,4,70,121,0.24,34,3,4,1300,1300,0.03,180,0,11
23,愛知県,Aichi,2020-09-16,371,172,3,4,791,839,0.22,19,3,4,70,121,0.27,37,3,4,1300,1300,0.03,141,0,21
23,愛知県,Aichi,2020-09-23,392,174,3,4,791,839,0.22,14,3,4,70,121,0.2,58,3,4,1300,1300,0.04,151,0,9
23,愛知県,Aichi,2020-09-30,350,152,3,4,791,839,0.19,17,3,4,70,121,0.24,41,3,4,1300,1300,0.03,129,0,28
23,愛知県,Aichi,2020-10-07,289,108,2,4,791,839,0.14,12,2,4,70,121,0.17,34,2,4,1300,1300,0.03,133,0,14
23,愛知県,Aichi,2020-10-14,232,87,2,4,791,839,0.11,10,2,4,70,121,0.14,26,2,4,1300,1300,0.02,95,0,24
23,愛知県,Aichi,2020-10-21,228,82,2,4,860,839,0.1,10,2,4,70,121,0.14,32,2,4,1300,1300,0.02,101,0,13
23,愛知県,Aichi,2020-10-28,294,98,2,4,860,839,0.11,10,2,4,70,121,0.14,50,2,4,1300,1300,0.04,111,0,35
23,愛知県,Aichi,2020-11-04,579,148,2,4,860,839,0.17,11,2,4,70,121,0.16,106,2,4,1300,1300,0.08,240,0,85
23,愛知県,Aichi,2020-11-11,834,200,2,4,860,839,0.23,15,2,4,70,121,0.21,153,2,4,1300,1300,0.12,352,0,129
23,愛知県,Aichi,2020-11-18,1189,286,3,4,860,839,0.33,15,3,4,70,121,0.21,225,3,4,1300,1300,0.17,540,0,138
23,愛知県,Aichi,2020-11-25,1582,372,3,4,860,839,0.43,16,3,4,70,121,0.23,208,3,4,1300,1300,0.16,892,0,110
23,愛知県,Aichi,2020-12-02,1731,382,3,4,897,839,0.43,30,3,4,70,121,0.43,198,3,4,1300,1300,0.15,954,0,197
23,愛知県,Aichi,2020-12-09,1951,423,3,4,934,839,0.45,28,3,4,70,121,0.4,262,3,4,1300,1300,0.2,1067,0,199
23,愛知県,Aichi,2020-12-16,2155,513,3,4,934,839,0.55,35,3,4,70,121,0.5,275,3,4,1300,1300,0.21,1151,0,216
23,愛知県,Aichi,2020-12-23,2163,518,3,4,934,839,0.55,39,3,4,103,121,0.38,224,3,4,1300,1300,0.17,1231,0,190
23,愛知県,Aichi,2020-12-30,2358,593,4,4,934,839,0.63,39,4,4,103,121,0.38,223,4,4,1300,1300,0.17,1307,0,235
23,愛知県,Aichi,2021-01-06,2510,649,4,4,1102,839,0.59,38,4,4,103,121,0.37,232,4,4,1300,1300,0.18,1356,0,273
23,愛知県,Aichi,2021-01-13,3288,702,4,4,1102,839,0.64,51,4,4,103,121,0.5,272,4,4,1300,1300,0.21,2182,0,132
24,三重県,Mie,2020-09-02,47,46,2,3,363,363,0.13,3,2,3,51,51,0.06,1,2,3,100,100,0.01,0,0,0
24,三重県,Mie,2020-09-09,84,84,2,3,363,363,0.23,2,2,3,51,51,0.04,0,2,3,100,100,0,0,0,0
24,三重県,Mie,2020-09-16,78,78,2,3,363,363,0.21,1,2,3,51,51,0.02,0,2,3,100,100,0,0,0,0
24,三重県,Mie,2020-09-23,79,79,2,3,363,363,0.22,5,2,3,51,51,0.1,0,2,3,100,100,0,0,0,0
24,三重県,Mie,2020-09-30,83,83,2,3,363,363,0.23,3,2,3,51,51,0.06,0,2,3,100,100,0,0,0,0
24,三重県,Mie,2020-10-07,53,53,2,3,363,363,0.15,2,2,3,51,51,0.04,0,2,3,100,100,0,0,0,0
24,三重県,Mie,2020-10-14,23,23,2,3,363,363,0.06,0,2,3,51,51,0,0,2,3,100,100,0,0,0,0
24,三重県,Mie,2020-10-21,16,16,2,3,363,363,0.04,0,2,3,51,51,0,0,2,3,100,100,0,0,0,0
24,三重県,Mie,2020-10-28,10,10,2,3,349,349,0.03,2,2,3,53,53,0.04,0,2,3,100,100,0,0,0,0
24,三重県,Mie,2020-11-04,20,20,2,3,349,349,0.06,4,2,3,53,53,0.08,0,2,3,100,100,0,0,0,0
24,三重県,Mie,2020-11-11,41,41,2,3,349,349,0.12,3,2,3,53,53,0.06,0,2,3,100,100,0,0,0,0
24,三重県,Mie,2020-11-18,44,41,2,3,349,349,0.12,5,2,3,53,53,0.09,0,2,3,100,100,0,3,0,0
24,三重県,Mie,2020-11-25,135,128,2,3,349,349,0.37,5,2,3,53,53,0.09,5,2,3,100,100,0.05,2,0,0
24,三重県,Mie,2020-12-02,188,175,2,3,349,349,0.5,5,2,3,53,53,0.09,8,2,3,100,100,0.08,5,0,0
24,三重県,Mie,2020-12-09,178,167,2,3,349,349,0.48,6,2,3,53,53,0.11,8,2,3,100,100,0.08,3,0,0
24,三重県,Mie,2020-12-16,190,180,2,3,349,349,0.52,5,2,3,53,53,0.09,9,2,3,100,100,0.09,1,0,0
24,三重県,Mie,2020-12-23,137,126,2,3,349,349,0.36,4,2,3,53,53,0.08,9,2,3,100,100,0.09,2,0,0
24,三重県,Mie,2020-12-30,147,145,2,3,349,349,0.42,4,2,3,53,53,0.08,1,2,3,100,100,0.01,1,0,0
24,三重県,Mie,2021-01-06,180,171,2,3,357,357,0.48,5,2,3,53,53,0.09,2,2,3,100,100,0.02,7,0,0
24,三重県,Mie,2021-01-13,318,214,3,3,357,357,0.6,4,3,3,53,53,0.08,11,3,3,100,100,0.11,93,0,0
25,滋賀県,Shiga,2020-09-02,92,81,2,4,429,450,0.19,7,2,4,45,72,0.16,10,2,4,250,250,0.04,1,0,0
25,滋賀県,Shiga,2020-09-09,49,47,2,4,429,450,0.11,3,2,4,45,72,0.07,2,2,4,260,250,0.01,0,0,0
25,滋賀県,Shiga,2020-09-16,34,34,2,4,429,450,0.08,3,2,4,45,72,0.07,0,2,4,260,250,0,0,0,0
25,滋賀県,Shiga,2020-09-23,20,20,2,4,429,450,0.05,2,2,4,45,72,0.04,0,2,4,260,250,0,0,0,0
25,滋賀県,Shiga,2020-09-30,28,28,2,4,429,450,0.07,0,2,4,45,72,0,0,2,4,260,250,0,0,0,0
25,滋賀県,Shiga,2020-10-07,16,16,2,4,429,450,0.04,0,2,4,45,72,0,0,2,4,260,250,0,0,0,0
25,滋賀県,Shiga,2020-10-14,16,16,2,4,429,450,0.04,0,2,4,45,72,0,0,2,4,260,250,0,0,0,0
25,滋賀県,Shiga,2020-10-21,15,14,2,4,429,450,0.03,0,2,4,45,72,0,0,2,4,260,250,0,1,0,0
25,滋賀県,Shiga,2020-10-28,23,21,2,4,429,450,0.05,0,2,4,45,72,0,0,2,4,260,250,0,2,0,0
25,滋賀県,Shiga,2020-11-04,24,22,2,4,429,450,0.05,0,2,4,45,72,0,1,2,4,260,250,0,1,0,0
25,滋賀県,Shiga,2020-11-11,75,45,2,4,429,450,0.1,0,2,4,45,72,0,28,2,4,260,250,0.11,1,0,1
25,滋賀県,Shiga,2020-11-18,85,48,2,4,429,450,0.11,0,2,4,45,72,0,30,2,4,260,250,0.12,6,0,1
25,滋賀県,Shiga,2020-11-25,89,75,2,4,429,450,0.17,2,2,4,45,72,0.04,14,2,4,260,250,0.05,0,0,0
25,滋賀県,Shiga,2020-12-02,77,61,2,4,429,450,0.14,2,2,4,45,72,0.04,14,2,4,260,250,0.05,2,0,0
25,滋賀県,Shiga,2020-12-09,62,50,2,4,429,450,0.12,4,2,4,45,72,0.09,11,2,4,260,250,0.04,1,0,0
25,滋賀県,Shiga,2020-12-16,74,54,2,3,274,280,0.2,2,2,3,44,62,0.05,17,2,3,260,420,0.07,1,0,2
25,滋賀県,Shiga,2020-12-23,102,60,2,3,274,280,0.22,3,2,3,44,62,0.07,38,2,3,260,420,0.15,3,0,1
25,滋賀県,Shiga,2020-12-30,223,144,3,3,274,280,0.53,7,3,3,44,62,0.16,54,3,3,260,420,0.21,21,0,4
25,滋賀県,Shiga,2021-01-06,293,192,3,3,274,280,0.7000000000000001,12,3,3,44,62,0.27,76,3,3,260,420,0.29,21,0,4
25,滋賀県,Shiga,2021-01-13,381,205,3,3,278,280,0.74,17,3,3,44,62,0.39,123,3,3,260,420,0.47000000000000003,51,0,2
26,京都府,Kyoto,2020-09-02,166,78,2,3,515,750,0.15,15,2,3,86,86,0.17,34,2,3,338,338,0.1,54,0,0
26,京都府,Kyoto,2020-09-09,137,81,2,3,515,750,0.16,10,2,3,86,86,0.12,28,2,3,338,338,0.08,28,0,0
26,京都府,Kyoto,2020-09-16,79,54,2,3,515,750,0.1,8,2,3,86,86,0.09,5,2,3,338,338,0.01,20,0,0
26,京都府,Kyoto,2020-09-23,85,72,2,3,515,750,0.14,15,2,3,86,86,0.17,3,2,3,338,338,0.01,10,0,0
26,京都府,Kyoto,2020-09-30,59,40,2,3,530,750,0.08,9,2,3,86,86,0.1,5,2,3,338,338,0.01,14,0,0
26,京都府,Kyoto,2020-10-07,61,49,2,3,530,750,0.09,9,2,3,86,86,0.1,4,2,3,338,338,0.01,8,0,0
26,京都府,Kyoto,2020-10-14,119,75,2,3,530,750,0.14,12,2,3,86,86,0.14,15,2,3,338,338,0.04,29,0,0
26,京都府,Kyoto,2020-10-21,85,61,2,3,530,750,0.12,8,2,3,86,86,0.09,12,2,3,338,338,0.04,12,0,0
26,京都府,Kyoto,2020-10-28,63,48,2,3,569,750,0.08,7,2,3,86,86,0.08,4,2,3,338,338,0.01,11,0,0
26,京都府,Kyoto,2020-11-04,98,60,2,3,569,750,0.11,15,2,3,86,86,0.17,11,2,3,338,338,0.03,27,0,0
26,京都府,Kyoto,2020-11-11,124,78,2,3,569,750,0.14,13,2,3,86,86,0.15,18,2,3,338,338,0.05,28,0,0
26,京都府,Kyoto,2020-11-18,191,106,3,3,569,750,0.19,19,3,3,86,86,0.22,29,3,3,338,338,0.09,56,0,0
26,京都府,Kyoto,2020-11-25,242,121,3,3,650,750,0.19,19,3,3,86,86,0.22,43,3,3,338,338,0.13,78,0,0
26,京都府,Kyoto,2020-12-02,229,131,3,3,650,750,0.2,14,3,3,86,86,0.16,39,3,3,338,338,0.12,59,0,0
26,京都府,Kyoto,2020-12-09,325,143,3,3,680,750,0.21,16,3,3,86,86,0.19,62,3,3,338,338,0.18,120,0,0
26,京都府,Kyoto,2020-12-16,512,170,3,3,680,750,0.25,16,3,3,86,86,0.19,91,3,3,338,338,0.27,251,0,0
26,京都府,Kyoto,2020-12-23,738,236,3,3,680,750,0.35000000000000003,27,3,3,86,86,0.31,81,3,3,338,338,0.24,421,0,0
26,京都府,Kyoto,2020-12-30,1029,265,3,3,720,750,0.37,28,3,3,86,86,0.33,66,3,3,338,338,0.2,698,0,0
26,京都府,Kyoto,2021-01-06,1136,249,3,3,720,750,0.35000000000000003,26,3,3,86,86,0.3,79,3,3,338,338,0.23,808,0,0
26,京都府,Kyoto,2021-01-13,1464,280,3,3,720,750,0.39,27,3,3,86,86,0.31,104,3,3,826,338,0.13,1080,0,0
27,大阪府,Osaka,2020-09-02,1235,488,3,4,1282,1615,0.38,61,3,4,188,215,0.32,144,3,3,1517,1015,0.09,445,0,158
27,大阪府,Osaka,2020-09-09,839,443,3,4,1282,1615,0.35000000000000003,44,3,4,188,215,0.23,128,3,3,1517,1015,0.08,167,0,101
27,大阪府,Osaka,2020-09-16,839,375,2,4,1324,1615,0.28,8,2,4,262,215,0.19,170,2,3,1517,1015,0.11,161,0,133
27,大阪府,Osaka,2020-09-23,762,350,2,4,1337,1615,0.26,58,2,4,323,215,0.18,136,2,3,1517,1015,0.09,103,0,173
27,大阪府,Osaka,2020-09-30,546,301,2,4,1337,1615,0.23,44,2,4,333,215,0.13,99,2,3,872,1015,0.11,70,0,76
27,大阪府,Osaka,2020-10-07,462,223,2,4,1337,1615,0.17,37,2,4,333,215,0.11,89,2,3,872,1015,0.1,63,0,87
27,大阪府,Osaka,2020-10-14,453,193,2,4,1361,1615,0.14,45,2,4,355,215,0.13,93,1,3,560,1036,0.17,55,0,112
27,大阪府,Osaka,2020-10-21,460,171,2,4,1361,1615,0.13,35,2,4,355,215,0.1,106,1,3,1517,1036,0.07,77,0,106
27,大阪府,Osaka,2020-10-28,670,253,2,4,1377,1615,0.18,39,2,4,355,215,0.11,146,1,3,1517,1036,0.1,107,0,164
27,大阪府,Osaka,2020-11-04,1042,348,2,4,1377,1615,0.25,50,2,4,355,215,0.14,247,2,3,1517,1036,0.16,198,0,249
27,大阪府,Osaka,2020-11-11,1297,429,3,4,1391,1615,0.31,91,3,4,355,215,0.26,275,2,3,1517,1036,0.18,235,0,358
27,大阪府,Osaka,2020-11-18,1955,571,4,4,1405,1615,0.41000000000000003,103,4,4,366,215,0.28,465,3,3,1517,1036,0.31,406,0,513
27,大阪府,Osaka,2020-11-25,3229,767,4,4,1405,1615,0.55,181,4,4,366,215,0.49,702,3,3,1517,1036,0.46,1249,0,511
27,大阪府,Osaka,2020-12-02,4192,799,4,4,1432,1615,0.56,209,4,4,366,215,0.5700000000000001,640,3,3,1555,1036,0.41000000000000003,1700,0,1053
27,大阪府,Osaka,2020-12-09,4209,796,4,4,1432,1615,0.56,212,4,4,366,215,0.58,694,3,3,1789,1036,0.39,1744,0,975
27,大阪府,Osaka,2020-12-16,4249,975,4,4,1492,1615,0.65,219,4,4,396,215,0.55,791,3,3,2019,1036,0.39,1543,0,940
27,大阪府,Osaka,2020-12-23,3629,1031,4,4,1542,1615,0.67,256,4,4,397,215,0.64,653,3,3,2019,1036,0.32,1139,0,806
27,大阪府,Osaka,2020-12-30,3349,1040,4,4,1576,1615,0.66,259,4,4,397,215,0.65,654,3,3,2019,1036,0.32,952,0,703
27,大阪府,Osaka,2021-01-06,4167,1040,4,4,1572,1615,0.66,257,4,4,397,215,0.65,673,3,3,2019,1036,0.33,1510,0,944
27,大阪府,Osaka,2021-01-13,5850,1149,4,4,1602,1615,0.72,261,4,4,397,215,0.66,1225,3,3,2019,1036,0.61,2276,0,1200
28,兵庫県,Hyogo,2020-09-02,158,125,5,5,663,650,0.19,13,5,5,110,120,0.12,33,5,5,698,700,0.05,0,0,0
28,兵庫県,Hyogo,2020-09-09,118,99,5,5,663,650,0.15,12,5,5,110,120,0.11,19,5,5,698,700,0.03,0,0,0
28,兵庫県,Hyogo,2020-09-16,126,113,5,5,663,650,0.17,10,5,5,110,120,0.09,13,5,5,698,700,0.02,0,0,0
28,兵庫県,Hyogo,2020-09-23,106,89,5,5,663,650,0.13,8,5,5,110,120,0.07,17,5,5,698,700,0.02,0,0,0
28,兵庫県,Hyogo,2020-09-30,101,89,5,5,663,650,0.13,8,5,5,110,120,0.07,12,5,5,698,700,0.02,0,0,0
28,兵庫県,Hyogo,2020-10-07,122,96,5,5,663,650,0.14,11,5,5,110,120,0.1,26,5,5,698,700,0.04,0,0,0
28,兵庫県,Hyogo,2020-10-14,130,106,2,5,663,650,0.16,13,2,5,110,120,0.12,24,2,5,698,700,0.03,0,0,0
28,兵庫県,Hyogo,2020-10-21,119,104,2,5,663,650,0.16,17,2,5,110,120,0.15,15,2,5,698,700,0.02,0,0,0
28,兵庫県,Hyogo,2020-10-28,149,115,2,5,663,650,0.17,15,2,5,110,120,0.14,34,2,5,698,700,0.05,0,0,0
28,兵庫県,Hyogo,2020-11-04,178,149,2,5,663,650,0.22,16,2,5,110,120,0.15,29,2,5,698,700,0.04,0,0,0
28,兵庫県,Hyogo,2020-11-11,277,226,3,5,671,650,0.34,17,3,5,110,120,0.15,51,3,5,698,700,0.07,0,0,0
28,兵庫県,Hyogo,2020-11-18,459,297,4,5,671,650,0.44,17,4,5,110,120,0.15,162,4,5,698,700,0.23,0,0,0
28,兵庫県,Hyogo,2020-11-25,697,458,5,5,671,650,0.68,32,5,5,110,120,0.29,239,5,5,698,700,0.34,0,0,0
28,兵庫県,Hyogo,2020-12-02,704,436,5,5,671,650,0.65,34,5,5,110,120,0.31,180,5,5,698,700,0.26,0,0,88
28,兵庫県,Hyogo,2020-12-09,809,462,5,5,671,650,0.6900000000000001,41,5,5,110,120,0.37,292,5,5,988,700,0.3,0,0,55
28,兵庫県,Hyogo,2020-12-16,780,477,6,6,671,750,0.71,43,6,6,110,120,0.39,247,6,6,988,1000,0.25,0,0,56
28,兵庫県,Hyogo,2020-12-23,901,468,6,6,756,750,0.62,41,6,6,116,120,0.35000000000000003,220,6,6,988,1000,0.22,0,0,213
28,兵庫県,Hyogo,2020-12-30,1162,509,6,6,756,750,0.67,44,6,6,116,120,0.38,306,6,6,988,1000,0.31,0,0,347
28,兵庫県,Hyogo,2021-01-06,1041,530,6,6,756,750,0.7000000000000001,54,6,6,116,120,0.47000000000000003,282,6,6,988,1000,0.29,0,0,229
28,兵庫県,Hyogo,2021-01-13,1589,586,6,6,756,750,0.78,70,6,6,116,120,0.6,476,6,6,988,1000,0.48,0,0,527
29,奈良県,Nara,2020-09-02,39,38,1,3,467,500,0.08,4,1,3,25,25,0.16,1,1,3,108,108,0.01,0,0,0
29,奈良県,Nara,2020-09-09,35,34,1,3,467,500,0.07,2,1,3,25,25,0.08,1,1,3,108,108,0.01,0,0,0
29,奈良県,Nara,2020-09-16,19,19,1,3,467,500,0.04,1,1,3,25,25,0.04,0,1,3,108,108,0,0,0,0
29,奈良県,Nara,2020-09-23,18,18,1,3,467,500,0.04,0,1,3,25,25,0,0,1,3,108,108,0,0,0,0
29,奈良県,Nara,2020-09-30,15,14,1,3,467,500,0.03,0,1,3,25,25,0,1,1,3,108,108,0.01,0,0,0
29,奈良県,Nara,2020-10-07,18,17,1,3,467,500,0.04,0,1,3,25,25,0,1,1,3,108,108,0.01,0,0,0
29,奈良県,Nara,2020-10-14,27,27,1,3,467,500,0.06,1,1,3,25,25,0.04,0,1,3,108,108,0,0,0,0
29,奈良県,Nara,2020-10-21,21,21,1,3,467,500,0.04,2,1,3,27,25,0.07,0,1,3,108,108,0,0,0,0
29,奈良県,Nara,2020-10-28,18,17,1,3,467,500,0.04,1,1,3,27,25,0.04,1,1,3,108,108,0.01,0,0,0
29,奈良県,Nara,2020-11-04,54,49,1,3,467,500,0.1,0,1,3,27,25,0,5,1,3,108,108,0.05,0,0,0
29,奈良県,Nara,2020-11-11,108,96,1,3,467,500,0.21,1,1,3,27,25,0.04,12,1,3,108,108,0.11,0,0,0
29,奈良県,Nara,2020-11-18,154,133,2,3,467,500,0.28,3,2,3,27,25,0.11,21,2,3,108,108,0.19,0,0,0
29,奈良県,Nara,2020-11-25,194,161,2,3,467,500,0.34,6,2,3,27,25,0.22,33,2,3,108,108,0.31,0,0,0
29,奈良県,Nara,2020-12-02,204,160,2,3,467,500,0.34,6,2,3,27,25,0.22,44,2,3,108,108,0.41000000000000003,0,0,0
29,奈良県,Nara,2020-12-09,249,187,2,3,467,500,0.4,6,2,3,27,25,0.22,62,2,3,108,108,0.5700000000000001,0,0,0
29,奈良県,Nara,2020-12-16,229,161,3,3,467,500,0.34,9,3,3,27,25,0.33,68,2,3,108,108,0.63,0,0,0
29,奈良県,Nara,2020-12-23,279,212,3,3,467,500,0.45,11,3,3,27,25,0.41000000000000003,67,2,3,108,108,0.62,0,0,0
29,奈良県,Nara,2020-12-30,340,248,3,3,370,500,0.67,14,3,3,28,25,0.5,92,3,3,250,250,0.37,0,0,0
29,奈良県,Nara,2021-01-06,351,234,3,3,370,500,0.63,10,3,3,28,25,0.36,117,3,3,250,250,0.47000000000000003,0,0,0
29,奈良県,Nara,2021-01-13,378,205,3,3,370,500,0.55,9,3,3,28,25,0.32,121,3,3,250,250,0.48,0,4,48
30,和歌山県,Wakayama,2020-09-02,7,7,2,4,400,400,0.02,0,2,4,40,40,0,0,2,4,137,137,0,0,0,0
30,和歌山県,Wakayama,2020-09-09,3,3,2,4,400,400,0.01,0,2,4,40,40,0,0,2,4,137,137,0,0,0,0
30,和歌山県,Wakayama,2020-09-16,5,5,2,4,400,400,0.01,0,2,4,40,40,0,0,2,4,137,137,0,0,0,0
30,和歌山県,Wakayama,2020-09-23,4,4,2,4,400,400,0.01,0,2,4,40,40,0,0,2,4,137,137,0,0,0,0
30,和歌山県,Wakayama,2020-09-30,6,6,2,4,400,400,0.02,0,2,4,40,40,0,0,2,4,137,137,0,0,0,0
30,和歌山県,Wakayama,2020-10-07,4,4,2,4,400,400,0.01,0,2,4,40,40,0,0,2,4,137,137,0,0,0,0
30,和歌山県,Wakayama,2020-10-14,10,10,2,4,400,400,0.03,0,2,4,40,40,0,0,2,4,137,137,0,0,0,0
30,和歌山県,Wakayama,2020-10-21,12,12,2,4,400,400,0.03,0,2,4,40,40,0,0,2,4,137,137,0,0,0,0
30,和歌山県,Wakayama,2020-10-28,12,12,2,4,400,400,0.03,0,2,4,40,40,0,0,2,4,137,137,0,0,0,0
30,和歌山県,Wakayama,2020-11-04,6,6,2,4,400,400,0.02,0,2,4,40,40,0,0,2,4,137,137,0,0,0,0
30,和歌山県,Wakayama,2020-11-11,21,21,2,4,400,400,0.05,0,2,4,40,40,0,0,2,4,137,137,0,0,0,0
30,和歌山県,Wakayama,2020-11-18,52,52,2,4,400,400,0.13,1,2,4,40,40,0.03,0,2,4,137,137,0,0,0,0
30,和歌山県,Wakayama,2020-11-25,84,84,2,4,400,400,0.21,3,2,4,40,40,0.08,0,2,4,137,137,0,0,0,0
30,和歌山県,Wakayama,2020-12-02,84,84,2,4,400,400,0.21,1,2,4,40,40,0.03,0,2,4,137,137,0,0,0,0
30,和歌山県,Wakayama,2020-12-09,71,71,2,4,400,400,0.18,1,2,4,40,40,0.03,0,2,4,137,137,0,0,0,0
30,和歌山県,Wakayama,2020-12-16,67,67,2,4,400,400,0.17,3,2,4,40,40,0.08,0,2,4,137,137,0,0,0,0
30,和歌山県,Wakayama,2020-12-23,34,34,2,4,400,400,0.09,1,2,4,40,40,0.03,0,2,4,137,137,0,0,0,0
30,和歌山県,Wakayama,2020-12-30,27,27,2,4,400,400,0.07,2,2,4,40,40,0.05,0,2,4,137,137,0,0,0,0
30,和歌山県,Wakayama,2021-01-06,98,98,2,4,400,400,0.25,2,2,4,40,40,0.05,0,2,4,137,137,0,0,0,0
30,和歌山県,Wakayama,2021-01-13,133,133,2,4,400,400,0.33,0,2,4,40,40,0,0,2,4,137,137,0,0,0,0
31,鳥取県,Tottori,2020-09-02,0,0,1,3,313,300,0,0,1,3,47,40,0,0,1,3,340,150,0,0,0,0
31,鳥取県,Tottori,2020-09-09,0,0,1,3,313,300,0,0,1,3,47,40,0,0,1,3,340,150,0,0,0,0
31,鳥取県,Tottori,2020-09-16,12,12,1,3,313,300,0.04,0,1,3,47,40,0,0,1,3,340,150,0,0,0,0
31,鳥取県,Tottori,2020-09-23,13,13,1,3,313,300,0.04,0,1,3,47,40,0,0,1,3,340,150,0,0,0,0
31,鳥取県,Tottori,2020-09-30,5,5,1,3,313,300,0.02,0,1,3,47,40,0,0,1,3,340,150,0,0,0,0
31,鳥取県,Tottori,2020-10-07,4,4,1,3,313,300,0.01,0,1,3,47,40,0,0,1,3,340,150,0,0,0,0
31,鳥取県,Tottori,2020-10-14,1,1,1,3,313,300,0,0,1,3,47,40,0,0,1,3,340,150,0,0,0,0
31,鳥取県,Tottori,2020-10-21,0,0,1,3,313,300,0,0,1,3,47,40,0,0,1,3,340,150,0,0,0,0
31,鳥取県,Tottori,2020-10-28,3,3,1,3,313,300,0.01,0,1,3,47,40,0,0,1,3,340,150,0,0,0,0
31,鳥取県,Tottori,2020-11-04,2,2,1,3,313,300,0.01,0,1,3,47,40,0,0,1,3,340,150,0,0,0,0
31,鳥取県,Tottori,2020-11-11,11,11,1,3,313,300,0.04,0,1,3,47,40,0,0,1,3,340,150,0,0,0,0
31,鳥取県,Tottori,2020-11-18,11,11,1,3,313,300,0.04,0,1,3,47,40,0,0,1,3,340,150,0,0,0,0
31,鳥取県,Tottori,2020-11-25,5,5,1,3,313,300,0.02,0,1,3,47,40,0,0,1,3,340,150,0,0,0,0
31,鳥取県,Tottori,2020-12-02,6,6,1,3,313,300,0.02,0,1,3,47,40,0,0,1,3,340,150,0,0,0,0
31,鳥取県,Tottori,2020-12-09,8,8,1,3,313,300,0.03,0,1,3,47,40,0,0,1,3,340,150,0,0,0,0
31,鳥取県,Tottori,2020-12-16,9,9,1,3,313,300,0.03,0,1,3,47,40,0,0,1,3,340,150,0,0,0,0
31,鳥取県,Tottori,2020-12-23,9,9,1,3,313,300,0.03,0,1,3,47,40,0,0,1,3,340,150,0,0,0,0
31,鳥取県,Tottori,2020-12-30,43,43,1,3,313,300,0.14,0,1,3,47,40,0,0,1,3,340,150,0,0,0,0
31,鳥取県,Tottori,2021-01-06,73,73,2,3,313,300,0.23,1,2,3,47,40,0.02,0,1,3,340,150,0,0,0,0
31,鳥取県,Tottori,2021-01-13,57,57,2,3,313,300,0.18,2,2,3,47,40,0.04,0,1,3,340,150,0,0,0,0
32,島根県,Shimane,2020-09-02,2,2,1,5,253,253,0.01,0,1,5,25,25,0,0,1,5,98,98,0,0,0,0
32,島根県,Shimane,2020-09-09,0,0,1,5,253,253,0,0,1,5,25,25,0,0,1,5,98,98,0,0,0,0
32,島根県,Shimane,2020-09-16,0,0,1,5,253,253,0,0,1,5,25,25,0,0,1,5,98,98,0,0,0,0
32,島根県,Shimane,2020-09-23,0,0,1,5,253,253,0,0,1,5,25,25,0,0,1,5,98,98,0,0,0,0
32,島根県,Shimane,2020-09-30,3,3,1,5,253,253,0.01,0,1,5,25,25,0,0,1,5,98,98,0,0,0,0
32,島根県,Shimane,2020-10-07,0,0,1,5,253,253,0,0,1,5,25,25,0,0,1,5,98,98,0,0,0,0
32,島根県,Shimane,2020-10-14,0,0,1,5,253,253,0,0,1,5,25,25,0,0,1,5,98,98,0,0,0,0
32,島根県,Shimane,2020-10-21,0,0,1,5,253,253,0,0,1,5,25,25,0,0,1,5,98,98,0,0,0,0
32,島根県,Shimane,2020-10-28,1,1,1,5,253,253,0,0,1,5,25,25,0,0,1,5,98,98,0,0,0,0
32,島根県,Shimane,2020-11-04,0,0,1,5,253,253,0,0,1,5,25,25,0,0,1,5,98,98,0,0,0,0
32,島根県,Shimane,2020-11-11,0,0,1,5,253,253,0,0,1,5,25,25,0,0,1,5,98,98,0,0,0,0
32,島根県,Shimane,2020-11-18,1,1,1,5,253,253,0,0,1,5,25,25,0,0,1,5,98,98,0,0,0,0
32,島根県,Shimane,2020-11-25,3,3,1,5,253,253,0.01,0,1,5,25,25,0,0,1,5,98,98,0,0,0,0
32,島根県,Shimane,2020-12-02,6,6,1,5,253,253,0.02,1,1,5,25,25,0.04,0,1,5,98,98,0,0,0,0
32,島根県,Shimane,2020-12-09,11,11,1,5,253,253,0.04,0,1,5,25,25,0,0,1,5,98,98,0,0,0,0
32,島根県,Shimane,2020-12-16,16,16,1,5,253,253,0.06,1,1,5,25,25,0.04,0,1,5,98,98,0,0,0,0
32,島根県,Shimane,2020-12-23,22,22,1,5,253,253,0.09,1,1,5,25,25,0.04,0,1,5,98,98,0,0,0,0
32,島根県,Shimane,2020-12-30,32,32,2,5,253,253,0.13,1,2,5,25,25,0.04,0,2,5,98,98,0,0,0,0
32,島根県,Shimane,2021-01-06,22,22,2,5,253,253,0.09,1,2,5,25,25,0.04,0,2,5,98,98,0,0,0,0
32,島根県,Shimane,2021-01-13,21,21,2,5,253,253,0.08,1,2,5,25,25,0.04,0,2,5,98,98,0,0,0,0
33,岡山県,Okayama,2020-09-02,4,4,1,4,250,250,0.02,0,1,4,37,40,0,0,1,4,180,180,0,0,0,0
33,岡山県,Okayama,2020-09-09,1,1,1,4,250,250,0,0,1,4,37,40,0,0,1,4,207,180,0,0,0,0
33,岡山県,Okayama,2020-09-16,1,1,1,4,250,250,0,0,1,4,37,40,0,0,1,4,207,180,0,0,0,0
33,岡山県,Okayama,2020-09-23,1,1,1,4,250,250,0,0,1,4,37,40,0,0,1,4,207,180,0,0,0,0
33,岡山県,Okayama,2020-09-30,8,8,1,4,257,250,0.03,0,1,4,37,40,0,0,1,4,207,180,0,0,0,0
33,岡山県,Okayama,2020-10-07,8,7,1,4,257,250,0.03,3,1,4,37,40,0.08,1,1,4,207,180,0,0,0,0
33,岡山県,Okayama,2020-10-14,12,10,1,4,257,250,0.04,2,1,4,37,40,0.05,1,1,4,207,180,0,1,0,0
33,岡山県,Okayama,2020-10-21,22,16,1,4,257,250,0.06,1,1,4,37,40,0.03,2,1,4,207,180,0.01,1,0,3
33,岡山県,Okayama,2020-10-28,57,44,1,4,257,250,0.17,0,1,4,37,40,0,4,1,4,207,180,0.02,3,0,6
33,岡山県,Okayama,2020-11-04,118,87,2,4,281,250,0.31,2,2,4,37,40,0.05,21,1,4,207,180,0.1,6,0,4
33,岡山県,Okayama,2020-11-11,80,66,2,4,281,250,0.23,1,2,4,37,40,0.03,9,2,4,207,180,0.04,4,0,1
33,岡山県,Okayama,2020-11-18,109,74,2,4,281,250,0.26,3,2,4,37,40,0.08,7,2,4,207,180,0.03,22,0,6
33,岡山県,Okayama,2020-11-25,156,92,2,4,302,250,0.3,3,2,4,37,40,0.08,24,2,4,207,180,0.12,40,0,0
33,岡山県,Okayama,2020-12-02,140,89,2,4,302,250,0.29,5,2,4,37,40,0.14,26,2,4,207,180,0.13,25,0,0
33,岡山県,Okayama,2020-12-09,116,83,2,4,302,250,0.27,0,2,4,37,40,0,24,2,4,207,180,0.12,8,1,0
33,岡山県,Okayama,2020-12-16,206,144,3,4,302,250,0.48,3,3,4,37,40,0.08,28,3,4,207,180,0.14,32,0,2
33,岡山県,Okayama,2020-12-23,384,156,3,4,401,250,0.39,8,3,4,37,40,0.22,68,3,4,207,180,0.33,135,25,0
33,岡山県,Okayama,2020-12-30,292,133,3,4,401,250,0.33,8,3,4,37,40,0.22,52,3,4,207,180,0.25,98,9,0
33,岡山県,Okayama,2021-01-06,327,142,3,4,401,250,0.35000000000000003,9,3,4,37,40,0.24,49,3,4,207,180,0.24,136,0,0
33,岡山県,Okayama,2021-01-13,479,148,3,4,401,250,0.37,17,3,4,37,40,0.46,69,3,4,207,180,0.33,262,0,0
34,広島県,Hiroshima,2020-09-02,12,12,1,3,553,500,0.02,0,1,3,72,70,0,0,1,3,854,700,0,0,0,0
34,広島県,Hiroshima,2020-09-09,12,12,1,3,553,500,0.02,0,1,3,72,70,0,0,1,3,854,700,0,0,0,0
34,広島県,Hiroshima,2020-09-16,12,11,1,3,553,500,0.02,0,1,3,72,70,0,1,1,3,854,700,0,0,0,0
34,広島県,Hiroshima,2020-09-23,20,15,1,3,553,500,0.03,1,1,3,72,70,0.01,5,1,3,854,700,0.01,0,0,0
34,広島県,Hiroshima,2020-09-30,95,92,1,3,553,500,0.17,2,1,3,72,70,0.03,3,1,3,854,700,0,0,0,0
34,広島県,Hiroshima,2020-10-07,87,70,1,3,553,500,0.13,1,1,3,72,70,0.01,13,1,3,854,700,0.02,4,0,0
34,広島県,Hiroshima,2020-10-14,49,43,1,3,553,500,0.08,1,1,3,72,70,0.01,2,1,3,854,700,0,4,0,0
34,広島県,Hiroshima,2020-10-21,30,30,1,3,553,500,0.05,1,1,3,72,70,0.01,0,1,3,709,700,0,0,0,0
34,広島県,Hiroshima,2020-10-28,12,12,1,3,553,500,0.02,0,1,3,72,70,0,0,1,3,709,700,0,0,0,0
34,広島県,Hiroshima,2020-11-04,12,12,1,3,553,500,0.02,0,1,3,72,70,0,0,1,3,709,700,0,0,0,0
34,広島県,Hiroshima,2020-11-11,22,22,1,3,553,500,0.04,1,1,3,72,70,0.01,0,1,3,709,700,0,0,0,0
34,広島県,Hiroshima,2020-11-18,36,32,1,3,553,500,0.06,1,1,3,72,70,0.01,2,1,3,709,700,0,2,0,0
34,広島県,Hiroshima,2020-11-25,70,55,1,3,553,500,0.1,0,1,3,72,70,0,9,1,3,709,700,0.01,6,0,0
34,広島県,Hiroshima,2020-12-02,118,91,1,3,553,500,0.16,5,1,3,72,70,0.07,20,1,3,794,700,0.03,7,0,0
34,広島県,Hiroshima,2020-12-09,350,186,2,3,553,500,0.34,6,2,3,72,70,0.08,77,2,3,794,700,0.1,87,0,0
34,広島県,Hiroshima,2020-12-16,752,196,2,3,553,500,0.35000000000000003,13,2,3,72,70,0.18,66,2,3,934,700,0.07,489,1,0
34,広島県,Hiroshima,2020-12-23,1114,258,3,3,553,500,0.47000000000000003,16,3,3,72,70,0.22,102,3,3,934,700,0.11,696,58,0
34,広島県,Hiroshima,2020-12-30,1402,305,3,3,553,500,0.55,19,3,3,72,70,0.26,185,3,3,934,700,0.2,822,90,0
34,広島県,Hiroshima,2021-01-06,985,294,3,3,453,500,0.65,14,3,3,33,70,0.42,284,3,3,819,700,0.35000000000000003,308,99,0
34,広島県,Hiroshima,2021-01-13,873,319,3,3,453,500,0.7000000000000001,15,3,3,33,70,0.45,253,3,3,819,700,0.31,224,77,0
35,山口県,Yamaguchi,2020-09-02,82,82,2,4,423,423,0.19,0,2,4,102,102,0,0,2,4,638,638,0,0,0,0
35,山口県,Yamaguchi,2020-09-09,53,53,2,4,423,423,0.13,1,2,4,102,102,0.01,0,2,4,834,834,0,0,0,0
35,山口県,Yamaguchi,2020-09-16,25,25,1,4,423,423,0.06,1,1,4,102,102,0.01,0,1,4,834,834,0,0,0,0
35,山口県,Yamaguchi,2020-09-23,9,9,1,4,423,423,0.02,1,1,4,102,102,0.01,0,1,4,834,834,0,0,0,0
35,山口県,Yamaguchi,2020-09-30,9,9,1,4,423,423,0.02,1,1,4,102,102,0.01,0,1,4,834,834,0,0,0,0
35,山口県,Yamaguchi,2020-10-07,7,7,1,4,423,423,0.02,1,1,4,102,102,0.01,0,1,4,834,834,0,0,0,0
35,山口県,Yamaguchi,2020-10-14,9,9,1,4,423,423,0.02,1,1,4,102,102,0.01,0,1,4,834,834,0,0,0,0
35,山口県,Yamaguchi,2020-10-21,2,2,1,4,423,423,0,1,1,4,102,102,0.01,0,1,4,834,834,0,0,0,0
35,山口県,Yamaguchi,2020-10-28,5,5,1,4,423,423,0.01,1,1,4,102,102,0.01,0,1,4,834,834,0,0,0,0
35,山口県,Yamaguchi,2020-11-04,4,4,1,3,423,423,0.01,0,1,3,137,137,0,0,1,3,834,834,0,0,0,0
35,山口県,Yamaguchi,2020-11-11,19,18,1,3,423,423,0.04,1,1,3,137,137,0.01,1,1,3,834,834,0,0,0,0
35,山口県,Yamaguchi,2020-11-18,58,55,1,3,423,423,0.13,3,1,3,137,137,0.02,3,1,3,834,834,0,0,0,0
35,山口県,Yamaguchi,2020-11-25,120,97,1,3,423,423,0.23,1,1,3,137,137,0.01,23,1,3,834,834,0.03,0,0,0
35,山口県,Yamaguchi,2020-12-02,61,59,1,3,423,423,0.14,3,1,3,137,137,0.02,2,1,3,834,834,0,0,0,0
35,山口県,Yamaguchi,2020-12-09,53,51,1,3,423,423,0.12,3,1,3,137,137,0.02,2,1,3,834,834,0,0,0,0
35,山口県,Yamaguchi,2020-12-16,46,45,1,3,423,423,0.11,5,1,3,137,137,0.04,1,1,3,834,834,0,0,0,0
35,山口県,Yamaguchi,2020-12-23,57,55,1,3,423,423,0.13,3,1,3,137,137,0.02,2,1,3,834,834,0,0,0,0
35,山口県,Yamaguchi,2020-12-30,116,96,1,3,423,423,0.23,3,1,3,137,137,0.02,20,1,3,834,834,0.02,0,0,0
35,山口県,Yamaguchi,2021-01-06,129,103,1,3,423,423,0.24,3,1,3,137,137,0.02,26,1,3,834,834,0.03,0,0,0
35,山口県,Yamaguchi,2021-01-13,149,135,3,3,423,423,0.32,2,3,3,137,137,0.01,14,1,3,834,834,0.02,0,0,0
36,徳島県,Tokushima,2020-09-02,65,59,2,4,200,200,0.3,2,2,4,25,25,0.08,6,2,4,150,150,0.04,0,0,0
36,徳島県,Tokushima,2020-09-09,52,45,2,4,200,200,0.23,3,2,4,25,25,0.12,7,2,4,150,150,0.05,0,0,0
36,徳島県,Tokushima,2020-09-16,33,28,2,4,200,200,0.14,1,2,4,25,25,0.04,5,2,4,150,150,0.03,0,0,0
36,徳島県,Tokushima,2020-09-23,23,21,2,4,200,200,0.11,0,2,4,25,25,0,2,2,4,150,150,0.01,0,0,0
36,徳島県,Tokushima,2020-09-30,9,9,2,4,200,200,0.05,0,2,4,25,25,0,0,2,4,150,150,0,0,0,0
36,徳島県,Tokushima,2020-10-07,5,5,2,4,200,200,0.03,0,2,4,25,25,0,0,2,4,150,150,0,0,0,0
36,徳島県,Tokushima,2020-10-14,0,0,2,4,200,200,0,0,2,4,25,25,0,0,2,4,150,150,0,0,0,0
36,徳島県,Tokushima,2020-10-21,13,13,2,4,200,200,0.07,0,2,4,25,25,0,0,2,4,150,150,0,0,0,0
36,徳島県,Tokushima,2020-10-28,5,5,2,4,200,200,0.03,0,2,4,25,25,0,0,2,4,150,150,0,0,0,0
36,徳島県,Tokushima,2020-11-04,0,0,2,4,200,200,0,0,2,4,25,25,0,0,2,4,150,150,0,0,0,0
36,徳島県,Tokushima,2020-11-11,6,6,2,4,200,200,0.03,0,2,4,25,25,0,0,2,4,150,150,0,0,0,0
36,徳島県,Tokushima,2020-11-18,6,6,2,4,200,200,0.03,2,2,4,25,25,0.08,0,2,4,150,150,0,0,0,0
36,徳島県,Tokushima,2020-11-25,11,11,2,4,200,200,0.06,2,2,4,25,25,0.08,0,2,4,150,150,0,0,0,0
36,徳島県,Tokushima,2020-12-02,6,6,2,4,200,200,0.03,1,2,4,25,25,0.04,0,2,4,150,150,0,0,0,0
36,徳島県,Tokushima,2020-12-09,6,6,2,4,200,200,0.03,1,2,4,25,25,0.04,0,2,4,150,150,0,0,0,0
36,徳島県,Tokushima,2020-12-16,3,3,2,4,200,200,0.02,0,2,4,25,25,0,0,2,4,150,150,0,0,0,0
36,徳島県,Tokushima,2020-12-23,6,6,2,4,200,200,0.03,0,2,4,25,25,0,0,2,4,150,150,0,0,0,0
36,徳島県,Tokushima,2020-12-30,5,5,2,4,200,200,0.03,0,2,4,25,25,0,0,2,4,180,180,0,0,0,0
36,徳島県,Tokushima,2021-01-06,22,22,2,4,200,200,0.11,0,2,4,25,25,0,0,2,4,180,180,0,0,0,0
36,徳島県,Tokushima,2021-01-13,69,59,2,4,200,200,0.3,0,2,4,25,25,0,10,2,4,180,180,0.06,0,0,0
37,香川県,Kagawa,2020-09-02,7,6,1,3,185,185,0.03,0,1,3,25,25,0,1,1,3,101,101,0.01,0,0,0
37,香川県,Kagawa,2020-09-09,11,10,1,3,185,185,0.05,0,1,3,25,25,0,1,1,3,101,101,0.01,0,0,0
37,香川県,Kagawa,2020-09-16,11,10,1,3,185,185,0.05,0,1,3,25,25,0,1,1,3,101,101,0.01,0,0,0
37,香川県,Kagawa,2020-09-23,9,9,1,3,185,185,0.05,0,1,3,25,25,0,0,1,3,101,101,0,0,0,0
37,香川県,Kagawa,2020-09-30,3,3,1,3,185,185,0.02,0,1,3,25,25,0,0,1,3,101,101,0,0,0,0
37,香川県,Kagawa,2020-10-07,0,0,1,3,185,185,0,0,1,3,25,25,0,0,1,3,101,101,0,0,0,0
37,香川県,Kagawa,2020-10-14,3,2,1,3,185,185,0.01,0,1,3,25,25,0,1,1,3,101,101,0.01,0,0,0
37,香川県,Kagawa,2020-10-21,3,3,1,3,185,185,0.02,0,1,3,25,25,0,0,1,3,101,101,0,0,0,0
37,香川県,Kagawa,2020-10-28,4,4,1,3,196,196,0.02,0,1,3,26,26,0,0,1,3,101,101,0,0,0,0
37,香川県,Kagawa,2020-11-04,3,2,1,3,196,196,0.01,0,1,3,26,26,0,0,1,3,101,101,0,1,0,0
37,香川県,Kagawa,2020-11-11,6,6,1,3,196,196,0.03,0,1,3,26,26,0,0,1,3,101,101,0,0,0,0
37,香川県,Kagawa,2020-11-18,17,15,1,3,196,196,0.08,0,1,3,26,26,0,2,1,3,101,101,0.02,0,0,0
37,香川県,Kagawa,2020-11-25,22,15,1,3,196,196,0.08,0,1,3,26,26,0,7,1,3,101,101,0.07,0,0,0
37,香川県,Kagawa,2020-12-02,22,21,1,3,199,199,0.11,0,1,3,26,26,0,1,1,3,101,101,0.01,0,0,0
37,香川県,Kagawa,2020-12-09,54,31,2,3,199,199,0.16,0,2,3,26,26,0,6,1,3,101,101,0.06,0,0,17
37,香川県,Kagawa,2020-12-16,46,23,2,3,199,199,0.12,0,2,3,26,26,0,18,2,3,101,101,0.18,2,0,3
37,香川県,Kagawa,2020-12-23,42,21,2,3,199,199,0.11,0,2,3,26,26,0,5,2,3,101,101,0.05,0,0,16
37,香川県,Kagawa,2020-12-30,95,37,2,3,199,199,0.19,0,2,3,26,26,0,24,2,3,101,101,0.24,0,0,34
37,香川県,Kagawa,2021-01-06,90,35,2,3,199,199,0.18,1,2,3,26,26,0.04,16,2,3,101,101,0.16,0,0,39
37,香川県,Kagawa,2021-01-13,168,47,2,3,199,199,0.24,2,2,3,26,26,0.08,39,2,3,101,101,0.39,0,0,82
38,愛媛県,Ehime,2020-09-02,1,1,1,3,229,223,0,0,1,3,33,33,0,0,1,3,117,117,0,0,0,0
38,愛媛県,Ehime,2020-09-09,1,1,1,3,229,223,0,0,1,3,33,33,0,0,1,3,117,117,0,0,0,0
38,愛媛県,Ehime,2020-09-16,1,1,1,3,229,223,0,0,1,3,33,33,0,0,1,3,117,117,0,0,0,0
38,愛媛県,Ehime,2020-09-23,0,0,1,3,229,223,0,0,1,3,33,33,0,0,1,3,117,117,0,0,0,0
38,愛媛県,Ehime,2020-09-30,0,0,1,3,229,223,0,0,1,3,33,33,0,0,1,3,117,117,0,0,0,0
38,愛媛県,Ehime,2020-10-07,1,1,1,3,229,223,0,0,1,3,33,33,0,0,1,3,117,117,0,0,0,0
38,愛媛県,Ehime,2020-10-14,1,1,1,3,229,223,0,0,1,3,33,33,0,0,1,3,117,117,0,0,0,0
38,愛媛県,Ehime,2020-10-21,2,2,1,3,229,223,0.01,0,1,3,33,33,0,0,1,3,117,117,0,0,0,0
38,愛媛県,Ehime,2020-10-28,0,0,1,3,229,223,0,0,1,3,33,33,0,0,1,3,117,117,0,0,0,0
38,愛媛県,Ehime,2020-11-04,0,0,1,3,229,223,0,0,1,3,33,33,0,0,1,3,117,117,0,0,0,0
38,愛媛県,Ehime,2020-11-11,5,5,1,3,229,223,0.02,0,1,3,33,33,0,0,1,3,117,117,0,0,0,0
38,愛媛県,Ehime,2020-11-18,27,27,1,3,229,223,0.12,0,1,3,33,33,0,0,1,3,117,117,0,0,0,0
38,愛媛県,Ehime,2020-11-25,130,56,1,3,229,223,0.24,3,1,3,33,33,0.09,24,1,3,117,117,0.21,50,0,0
38,愛媛県,Ehime,2020-12-02,141,64,3,3,229,223,0.28,6,3,3,33,33,0.18,11,3,3,117,117,0.09,66,0,0
38,愛媛県,Ehime,2020-12-09,77,51,3,3,229,223,0.22,2,3,3,33,33,0.06,7,3,3,117,117,0.06,19,0,0
38,愛媛県,Ehime,2020-12-16,55,43,3,3,229,223,0.19,2,3,3,33,33,0.06,5,3,3,192,117,0.03,7,0,0
38,愛媛県,Ehime,2020-12-23,34,26,3,3,229,223,0.11,4,3,3,33,33,0.12,3,3,3,192,117,0.02,5,0,0
38,愛媛県,Ehime,2020-12-30,86,41,3,3,229,223,0.18,3,3,3,33,33,0.09,24,3,3,192,117,0.13,21,0,0
38,愛媛県,Ehime,2021-01-06,125,53,3,3,229,223,0.23,4,3,3,33,33,0.12,30,3,3,192,117,0.16,42,0,0
38,愛媛県,Ehime,2021-01-13,242,65,3,3,229,223,0.28,4,3,3,33,33,0.12,52,3,3,192,117,0.27,125,0,0
39,高知県,Kochi,2020-09-02,21,21,2,4,192,200,0.11,1,2,4,57,57,0.02,0,2,4,420,190,0,0,0,0
39,高知県,Kochi,2020-09-09,8,8,2,4,192,200,0.04,1,2,4,57,57,0.02,0,2,4,361,190,0,0,0,0
39,高知県,Kochi,2020-09-16,7,7,2,4,192,200,0.04,0,2,4,57,57,0,0,2,4,361,190,0,0,0,0
39,高知県,Kochi,2020-09-23,1,1,2,4,192,200,0.01,0,2,4,57,57,0,0,2,4,361,190,0,0,0,0
39,高知県,Kochi,2020-09-30,1,1,1,4,192,200,0.01,0,1,4,57,57,0,0,1,4,361,190,0,0,0,0
39,高知県,Kochi,2020-10-07,0,0,1,4,192,200,0,0,1,4,57,57,0,0,1,4,361,190,0,0,0,0
39,高知県,Kochi,2020-10-14,1,1,1,4,192,200,0.01,0,1,4,57,57,0,0,1,4,361,190,0,0,0,0
39,高知県,Kochi,2020-10-21,1,1,1,4,200,200,0.01,0,1,4,58,57,0,0,1,4,361,190,0,0,0,0
39,高知県,Kochi,2020-10-28,3,3,1,4,200,200,0.02,0,1,4,58,57,0,0,1,4,361,190,0,0,0,0
39,高知県,Kochi,2020-11-04,1,1,1,4,200,200,0.01,0,1,4,58,57,0,0,1,4,361,190,0,0,0,0
39,高知県,Kochi,2020-11-11,0,0,1,4,200,200,0,0,1,4,58,57,0,0,1,4,361,190,0,0,0,0
39,高知県,Kochi,2020-11-18,0,0,1,4,200,200,0,0,1,4,58,57,0,0,1,4,361,190,0,0,0,0
39,高知県,Kochi,2020-11-25,5,5,1,4,200,200,0.03,0,1,4,58,57,0,0,1,4,361,190,0,0,0,0
39,高知県,Kochi,2020-12-02,18,18,1,4,200,200,0.09,0,1,4,58,57,0,0,1,4,361,190,0,0,0,0
39,高知県,Kochi,2020-12-09,121,107,3,4,200,200,0.54,0,3,4,58,57,0,14,3,4,361,190,0.04,0,0,0
39,高知県,Kochi,2020-12-16,187,114,4,4,200,200,0.5700000000000001,1,4,4,58,57,0.02,16,4,4,361,190,0.04,57,0,0
39,高知県,Kochi,2020-12-23,207,119,4,4,200,200,0.6,4,4,4,58,57,0.07,20,4,4,361,190,0.06,68,0,0
39,高知県,Kochi,2020-12-30,158,86,4,4,200,200,0.43,9,4,4,58,57,0.16,35,4,4,361,190,0.1,34,3,0
39,高知県,Kochi,2021-01-06,85,54,4,4,200,200,0.27,5,4,4,58,57,0.09,20,4,4,203,190,0.1,11,0,0
39,高知県,Kochi,2021-01-13,76,49,4,4,200,200,0.25,4,4,4,58,57,0.07,20,4,4,203,190,0.1,7,0,0
40,福岡県,Fukuoka,2020-09-02,831,260,2,3,490,760,0.53,14,2,3,60,110,0.23,154,2,3,1057,1200,0.15,417,0,0
40,福岡県,Fukuoka,2020-09-09,625,225,2,3,490,760,0.46,17,2,3,60,110,0.28,67,2,3,1057,1200,0.06,333,0,0
40,福岡県,Fukuoka,2020-09-16,318,144,2,3,490,760,0.29,10,2,3,60,110,0.17,43,2,3,1057,1200,0.04,131,0,0
40,福岡県,Fukuoka,2020-09-23,175,115,2,3,490,760,0.23,12,2,3,60,110,0.2,15,2,3,1057,1200,0.01,45,0,0
40,福岡県,Fukuoka,2020-09-30,93,75,2,3,490,760,0.15,9,2,3,60,110,0.15,3,2,3,1057,1200,0,15,0,0
40,福岡県,Fukuoka,2020-10-07,68,45,2,3,490,760,0.09,6,2,3,60,110,0.1,11,2,3,1057,1200,0.01,12,0,0
40,福岡県,Fukuoka,2020-10-14,70,40,2,3,551,760,0.07,7,2,3,90,110,0.08,11,2,3,1057,1200,0.01,19,0,0
40,福岡県,Fukuoka,2020-10-21,66,47,2,3,551,760,0.09,5,2,3,90,110,0.06,9,2,3,1057,1200,0.01,10,0,0
40,福岡県,Fukuoka,2020-10-28,67,43,2,3,551,760,0.08,4,2,3,90,110,0.04,13,2,3,1057,1200,0.01,11,0,0
40,福岡県,Fukuoka,2020-11-04,74,39,2,3,551,760,0.07,4,2,3,90,110,0.04,22,2,3,1057,1200,0.02,13,0,0
40,福岡県,Fukuoka,2020-11-11,99,53,2,3,551,760,0.1,4,2,3,90,110,0.04,27,2,3,1057,1200,0.03,19,0,0
40,福岡県,Fukuoka,2020-11-18,97,47,1,3,551,760,0.09,3,1,3,90,110,0.03,35,1,3,1057,1200,0.03,15,0,0
40,福岡県,Fukuoka,2020-11-25,186,80,1,3,551,760,0.15,3,1,3,90,110,0.03,74,1,3,1057,1200,0.07,32,0,0
40,福岡県,Fukuoka,2020-12-02,332,124,1,3,551,760,0.23,6,1,3,90,110,0.07,113,1,3,1057,1200,0.11,95,0,0
40,福岡県,Fukuoka,2020-12-09,431,138,1,3,551,760,0.25,9,1,3,90,110,0.1,138,1,3,1057,1200,0.13,155,0,0
40,福岡県,Fukuoka,2020-12-16,690,216,1,3,551,760,0.39,12,1,3,104,110,0.12,257,1,3,1057,1200,0.24,217,0,0
40,福岡県,Fukuoka,2020-12-23,1021,237,2,3,551,760,0.43,12,2,3,104,110,0.12,465,2,3,1057,1200,0.44,319,0,0
40,福岡県,Fukuoka,2020-12-30,1360,351,2,3,576,760,0.61,16,2,3,105,110,0.15,479,2,3,1057,1200,0.45,530,0,0
40,福岡県,Fukuoka,2021-01-06,1762,392,2,3,600,760,0.65,22,2,3,110,110,0.2,490,2,3,1057,1200,0.46,880,0,0
40,福岡県,Fukuoka,2021-01-13,3112,489,2,3,610,760,0.8,19,2,3,110,110,0.17,521,2,3,1057,1200,0.49,2102,0,0
41,佐賀県,Saga,2020-09-02,18,15,3,4,281,281,0.05,0,3,4,47,47,0,3,3,4,253,253,0.01,0,0,0
41,佐賀県,Saga,2020-09-09,8,8,3,4,281,281,0.03,0,3,4,47,47,0,0,3,4,253,253,0,0,0,0
41,佐賀県,Saga,2020-09-16,3,3,1,4,273,273,0.01,0,1,4,46,46,0,0,1,4,253,253,0,0,0,0
41,佐賀県,Saga,2020-09-23,2,2,1,4,274,273,0.01,0,1,4,46,46,0,0,1,4,253,253,0,0,0,0
41,佐賀県,Saga,2020-09-30,1,1,1,4,274,274,0,0,1,4,46,46,0,0,1,4,253,253,0,0,0,0
41,佐賀県,Saga,2020-10-07,1,0,1,4,274,274,0,0,1,4,46,46,0,1,1,4,253,253,0,0,0,0
41,佐賀県,Saga,2020-10-14,3,0,1,4,274,274,0,0,1,4,46,46,0,3,1,4,253,253,0.01,0,0,0
41,佐賀県,Saga,2020-10-21,5,2,1,4,274,274,0.01,0,1,4,46,46,0,3,1,4,253,253,0.01,0,0,0
41,佐賀県,Saga,2020-10-28,2,0,1,4,274,274,0,0,1,4,46,46,0,2,1,4,253,253,0.01,0,0,0
41,佐賀県,Saga,2020-11-04,10,6,1,4,274,274,0.02,0,1,4,46,46,0,4,1,4,253,253,0.02,0,0,0
41,佐賀県,Saga,2020-11-11,18,10,1,4,274,274,0.04,0,1,4,46,46,0,8,1,4,253,253,0.03,0,0,0
41,佐賀県,Saga,2020-11-18,11,6,1,4,274,274,0.02,0,1,4,46,46,0,5,1,4,253,253,0.02,0,0,0
41,佐賀県,Saga,2020-11-25,16,13,1,4,274,274,0.05,0,1,4,46,46,0,3,1,4,253,253,0.01,0,0,0
41,佐賀県,Saga,2020-12-02,27,25,1,4,274,274,0.09,0,1,4,46,46,0,2,1,4,253,253,0.01,0,0,0
41,佐賀県,Saga,2020-12-09,43,30,1,4,274,274,0.11,0,1,4,46,46,0,13,1,4,253,253,0.05,0,0,0
41,佐賀県,Saga,2020-12-16,49,29,2,4,274,274,0.11,0,2,4,46,46,0,20,1,4,253,253,0.08,0,0,0
41,佐賀県,Saga,2020-12-23,41,21,2,4,274,274,0.08,0,2,4,46,46,0,20,1,4,253,253,0.08,0,0,0
41,佐賀県,Saga,2020-12-30,49,21,2,4,274,274,0.08,0,2,4,46,46,0,28,1,4,253,253,0.11,0,0,0
41,佐賀県,Saga,2021-01-06,71,41,2,4,273,273,0.15,1,2,4,46,46,0.02,30,1,4,253,253,0.12,0,0,0
41,佐賀県,Saga,2021-01-13,138,79,2,4,273,273,0.29,1,2,4,46,46,0.02,59,1,4,253,253,0.23,0,0,0
42,長崎県,Nagasaki,2020-09-02,43,22,3,4,395,395,0.06,1,3,4,27,42,0.04,9,3,4,224,550,0.04,12,0,0
42,長崎県,Nagasaki,2020-09-09,23,13,3,4,395,395,0.03,0,3,4,27,42,0,5,3,4,224,550,0.02,5,0,0
42,長崎県,Nagasaki,2020-09-16,10,6,3,4,395,395,0.02,0,3,4,27,42,0,2,3,4,224,550,0.01,2,0,0
42,長崎県,Nagasaki,2020-09-23,3,1,3,4,395,395,0,0,3,4,27,42,0,1,3,4,224,550,0,1,0,0
42,長崎県,Nagasaki,2020-09-30,2,0,2,4,395,395,0,0,2,4,27,42,0,1,2,4,224,550,0,1,0,0
42,長崎県,Nagasaki,2020-10-07,2,1,2,4,395,395,0,0,2,4,27,42,0,0,2,4,224,550,0,1,0,0
42,長崎県,Nagasaki,2020-10-14,4,0,2,4,395,395,0,0,2,4,27,42,0,2,2,4,224,550,0.01,2,0,0
42,長崎県,Nagasaki,2020-10-21,3,2,2,4,395,395,0.01,0,2,4,27,42,0,0,2,4,224,550,0,1,0,0
42,長崎県,Nagasaki,2020-10-28,2,1,2,4,395,395,0,0,2,4,27,42,0,1,2,4,224,550,0,0,0,0
42,長崎県,Nagasaki,2020-11-04,1,0,2,4,395,395,0,0,2,4,27,42,0,0,2,4,224,550,0,1,0,0
42,長崎県,Nagasaki,2020-11-11,5,4,2,4,395,395,0.01,0,2,4,27,42,0,0,2,4,352,550,0,1,0,0
42,長崎県,Nagasaki,2020-11-18,8,5,2,4,395,395,0.01,0,2,4,27,42,0,1,2,4,352,550,0,2,0,0
42,長崎県,Nagasaki,2020-11-25,18,12,2,4,395,395,0.03,0,2,4,27,42,0,3,2,4,352,550,0.01,3,0,0
42,長崎県,Nagasaki,2020-12-02,18,10,2,4,395,395,0.03,0,2,4,27,42,0,7,2,4,352,550,0.02,1,0,0
42,長崎県,Nagasaki,2020-12-09,10,7,2,4,395,395,0.02,0,2,4,27,42,0,2,2,4,352,550,0.01,0,0,1
42,長崎県,Nagasaki,2020-12-16,70,26,2,4,395,395,0.07,2,2,4,27,42,0.07,30,2,4,352,550,0.09,5,0,9
42,長崎県,Nagasaki,2020-12-23,159,63,2,4,395,395,0.16,2,2,4,27,42,0.07,61,2,4,352,550,0.17,22,0,13
42,長崎県,Nagasaki,2020-12-30,280,137,3,4,395,395,0.35000000000000003,5,3,4,27,42,0.19,73,3,4,367,550,0.2,52,0,18
42,長崎県,Nagasaki,2021-01-06,339,154,4,4,395,395,0.39,9,4,4,27,42,0.33,88,4,4,367,550,0.24,45,0,52
42,長崎県,Nagasaki,2021-01-13,472,200,4,4,395,395,0.51,8,4,4,27,42,0.3,80,4,4,367,550,0.22,123,0,69
43,熊本県,Kumamoto,2020-09-02,76,66,2,3,400,400,0.17,0,2,3,59,59,0,9,2,3,1430,140,0.01,1,0,0
43,熊本県,Kumamoto,2020-09-09,46,42,1,3,400,400,0.11,0,1,3,59,59,0,2,1,3,1430,140,0,2,0,0
43,熊本県,Kumamoto,2020-09-16,34,32,1,3,400,400,0.08,0,1,3,59,59,0,2,1,3,1430,140,0,0,0,0
43,熊本県,Kumamoto,2020-09-23,12,12,1,3,400,400,0.03,0,1,3,59,59,0,0,1,3,1430,140,0,0,0,0
43,熊本県,Kumamoto,2020-09-30,7,7,1,3,400,400,0.02,0,1,3,59,59,0,0,1,3,1430,140,0,0,0,0
43,熊本県,Kumamoto,2020-10-07,67,56,1,3,400,400,0.14,0,1,3,59,59,0,6,1,3,1430,140,0,5,0,0
43,熊本県,Kumamoto,2020-10-14,93,70,2,3,400,400,0.18,1,2,3,59,59,0.02,17,2,3,1430,140,0.01,6,0,0
43,熊本県,Kumamoto,2020-10-21,57,49,1,3,400,400,0.12,0,1,3,59,59,0,8,1,3,1430,140,0.01,0,0,0
43,熊本県,Kumamoto,2020-10-28,39,35,1,3,400,400,0.09,0,1,3,59,59,0,2,1,3,1430,140,0,2,0,0
43,熊本県,Kumamoto,2020-11-04,51,45,1,3,400,400,0.11,1,1,3,59,59,0.02,6,1,3,1430,140,0,0,0,0
43,熊本県,Kumamoto,2020-11-11,56,46,1,3,400,400,0.12,3,1,3,59,59,0.05,9,1,3,1430,140,0.01,1,0,0
43,熊本県,Kumamoto,2020-11-18,88,68,2,3,400,400,0.17,3,2,3,59,59,0.05,9,2,3,1430,140,0.01,11,0,0
43,熊本県,Kumamoto,2020-11-25,77,69,2,3,400,400,0.17,5,2,3,59,59,0.08,5,2,3,1430,140,0,3,0,0
43,熊本県,Kumamoto,2020-12-02,92,66,2,3,400,400,0.17,8,2,3,59,59,0.14,14,2,3,1430,140,0.01,12,0,0
43,熊本県,Kumamoto,2020-12-09,116,76,2,3,400,400,0.19,7,2,3,59,59,0.12,21,2,3,1430,140,0.01,19,0,0
43,熊本県,Kumamoto,2020-12-16,235,152,3,3,400,400,0.38,7,3,3,59,59,0.12,33,3,3,1430,140,0.02,50,0,0
43,熊本県,Kumamoto,2020-12-23,233,156,3,3,420,420,0.37,4,3,3,59,59,0.07,31,3,3,1430,140,0.02,46,0,0
43,熊本県,Kumamoto,2020-12-30,343,179,3,3,420,420,0.43,7,3,3,59,59,0.12,41,3,3,1430,140,0.03,123,0,0
43,熊本県,Kumamoto,2021-01-06,391,213,3,3,420,420,0.51,12,3,3,59,59,0.2,65,3,3,1430,140,0.05,113,0,0
43,熊本県,Kumamoto,2021-01-13,680,271,3,3,420,420,0.65,20,3,3,59,59,0.34,96,3,3,140,140,0.6900000000000001,313,0,0
44,大分県,Oita,2020-09-02,16,11,2,4,330,330,0.03,0,2,4,41,41,0,5,1,2,170,170,0.03,0,0,0
44,大分県,Oita,2020-09-09,18,17,2,4,330,330,0.05,0,2,4,41,41,0,1,1,2,700,170,0,0,0,0
44,大分県,Oita,2020-09-16,8,8,1,4,330,330,0.02,0,1,4,41,41,0,0,1,2,700,170,0,0,0,0
44,大分県,Oita,2020-09-23,5,5,1,4,330,330,0.02,0,1,4,41,41,0,0,1,2,700,170,0,0,0,0
44,大分県,Oita,2020-09-30,3,3,1,4,330,330,0.01,0,1,4,41,41,0,0,1,2,700,170,0,0,0,0
44,大分県,Oita,2020-10-07,1,1,1,4,330,330,0,0,1,4,41,41,0,0,1,2,700,170,0,0,0,0
44,大分県,Oita,2020-10-14,1,1,1,4,330,330,0,0,1,4,41,41,0,0,1,2,700,170,0,0,0,0
44,大分県,Oita,2020-10-21,1,1,1,4,330,330,0,0,1,4,41,41,0,0,1,2,700,170,0,0,0,0
44,大分県,Oita,2020-10-28,0,0,1,4,330,330,0,0,1,4,41,41,0,0,1,2,700,170,0,0,0,0
44,大分県,Oita,2020-11-04,0,0,1,4,330,330,0,0,1,4,41,41,0,0,1,2,700,170,0,0,0,0
44,大分県,Oita,2020-11-11,2,2,1,4,330,330,0.01,0,1,4,41,41,0,0,1,2,700,170,0,0,0,0
44,大分県,Oita,2020-11-18,18,18,1,4,330,330,0.05,0,1,4,41,41,0,0,1,2,700,170,0,0,0,0
44,大分県,Oita,2020-11-25,60,36,2,4,332,332,0.11,0,2,4,41,41,0,24,1,2,700,170,0.03,0,0,0
44,大分県,Oita,2020-12-02,97,57,2,4,336,336,0.17,1,2,4,41,41,0.02,40,1,2,700,170,0.06,0,0,0
44,大分県,Oita,2020-12-09,144,81,2,4,337,337,0.24,2,2,4,41,41,0.05,63,1,2,700,170,0.09,0,0,0
44,大分県,Oita,2020-12-16,134,58,2,4,355,355,0.16,3,2,4,41,41,0.07,76,1,2,700,170,0.11,0,0,0
44,大分県,Oita,2020-12-23,78,55,2,4,355,355,0.15,4,2,4,41,41,0.1,23,1,2,700,170,0.03,0,0,0
44,大分県,Oita,2020-12-30,89,61,2,4,355,355,0.17,3,2,4,41,41,0.07,28,1,2,700,170,0.04,0,0,0
44,大分県,Oita,2021-01-06,129,87,2,4,355,355,0.25,4,2,4,41,41,0.1,42,1,2,700,170,0.06,0,0,0
44,大分県,Oita,2021-01-13,141,95,2,4,359,359,0.26,6,2,4,41,41,0.15,46,1,2,700,170,0.07,0,0,0
45,宮崎県,Miyazaki,2020-09-02,30,28,2,3,246,246,0.11,0,2,3,33,33,0,2,2,3,250,250,0.01,0,0,0
45,宮崎県,Miyazaki,2020-09-09,18,18,2,3,246,246,0.07,0,2,3,33,33,0,0,2,3,250,250,0,0,0,0
45,宮崎県,Miyazaki,2020-09-16,6,6,2,3,246,246,0.02,0,2,3,33,33,0,0,2,3,250,250,0,0,0,0
45,宮崎県,Miyazaki,2020-09-23,2,2,1,3,246,246,0.01,0,1,3,33,33,0,0,1,3,250,250,0,0,0,0
45,宮崎県,Miyazaki,2020-09-30,1,1,2,3,246,246,0,0,2,3,33,33,0,0,2,3,250,250,0,0,0,0
45,宮崎県,Miyazaki,2020-10-07,1,1,1,3,246,246,0,0,1,3,33,33,0,0,1,3,250,250,0,0,0,0
45,宮崎県,Miyazaki,2020-10-14,0,0,1,3,246,246,0,0,1,3,33,33,0,0,1,3,250,250,0,0,0,0
45,宮崎県,Miyazaki,2020-10-21,1,1,1,3,246,246,0,0,1,3,33,33,0,0,1,3,250,250,0,0,0,0
45,宮崎県,Miyazaki,2020-10-28,0,0,1,3,246,246,0,0,1,3,33,33,0,0,1,3,250,250,0,0,0,0
45,宮崎県,Miyazaki,2020-11-04,4,2,1,3,246,246,0.01,1,1,3,33,33,0.03,0,1,3,250,250,0,2,0,0
45,宮崎県,Miyazaki,2020-11-11,3,3,1,3,246,246,0.01,1,1,3,33,33,0.03,0,1,3,250,250,0,0,0,0
45,宮崎県,Miyazaki,2020-11-18,13,4,1,3,246,246,0.02,0,1,3,33,33,0,0,1,3,250,250,0,9,0,0
45,宮崎県,Miyazaki,2020-11-25,82,19,1,3,246,246,0.08,2,1,3,33,33,0.06,49,1,3,250,250,0.2,14,0,0
45,宮崎県,Miyazaki,2020-12-02,97,34,2,3,246,246,0.14,2,2,3,33,33,0.06,38,2,3,250,250,0.15,25,0,0
45,宮崎県,Miyazaki,2020-12-09,95,42,2,3,246,246,0.17,1,2,3,33,33,0.03,42,2,3,250,250,0.17,11,0,0
45,宮崎県,Miyazaki,2020-12-16,72,35,2,3,246,246,0.14,2,2,3,33,33,0.06,30,2,3,250,250,0.12,7,0,0
45,宮崎県,Miyazaki,2020-12-23,71,30,2,3,246,246,0.12,1,2,3,33,33,0.03,29,2,3,250,250,0.12,12,0,0
45,宮崎県,Miyazaki,2020-12-30,76,28,2,3,246,246,0.11,0,2,3,33,33,0,18,2,3,250,250,0.07,30,0,0
45,宮崎県,Miyazaki,2021-01-06,286,63,2,3,246,246,0.26,2,2,3,33,33,0.06,93,2,3,250,250,0.37,130,0,0
45,宮崎県,Miyazaki,2021-01-13,496,96,3,3,246,246,0.39,5,3,3,33,33,0.15,71,2,3,250,250,0.28,329,0,0
46,鹿児島県,Kagoshima,2020-09-02,53,44,3,4,253,300,0.17,1,3,4,48,48,0.02,8,3,4,370,370,0.02,1,0,0
46,鹿児島県,Kagoshima,2020-09-09,25,22,3,4,253,300,0.09,1,3,4,48,48,0.02,3,3,4,370,370,0.01,0,0,0
46,鹿児島県,Kagoshima,2020-09-16,7,6,3,4,253,300,0.02,1,3,4,48,48,0.02,1,3,4,370,370,0,0,0,0
46,鹿児島県,Kagoshima,2020-09-23,16,7,3,4,253,300,0.03,0,3,4,48,48,0,7,3,4,370,370,0.02,2,0,0
46,鹿児島県,Kagoshima,2020-09-30,36,10,3,4,253,300,0.04,0,3,4,48,48,0,25,3,4,370,370,0.07,1,0,0
46,鹿児島県,Kagoshima,2020-10-07,28,8,3,4,253,300,0.03,0,3,4,48,48,0,17,3,4,370,370,0.05,3,0,0
46,鹿児島県,Kagoshima,2020-10-14,21,6,3,4,253,300,0.02,0,3,4,48,48,0,13,3,4,370,370,0.04,2,0,0
46,鹿児島県,Kagoshima,2020-10-21,10,8,3,4,253,300,0.03,0,3,4,48,48,0,2,3,4,370,370,0.01,0,0,0
46,鹿児島県,Kagoshima,2020-10-28,5,5,2,4,342,300,0.01,0,2,4,38,48,0,0,2,4,370,370,0,0,0,0
46,鹿児島県,Kagoshima,2020-11-04,20,12,2,4,342,300,0.04,0,2,4,38,48,0,8,2,4,370,370,0.02,0,0,0
46,鹿児島県,Kagoshima,2020-11-11,67,35,2,4,342,300,0.1,0,2,4,38,48,0,30,2,4,370,370,0.08,2,0,0
46,鹿児島県,Kagoshima,2020-11-18,33,27,2,4,342,300,0.08,0,2,4,38,48,0,6,2,4,370,370,0.02,0,0,0
46,鹿児島県,Kagoshima,2020-11-25,46,18,2,4,342,300,0.05,0,2,4,38,48,0,28,2,4,370,370,0.08,0,0,0
46,鹿児島県,Kagoshima,2020-12-02,36,19,2,4,342,300,0.06,0,2,4,38,48,0,16,2,4,370,370,0.04,1,0,0
46,鹿児島県,Kagoshima,2020-12-09,80,45,3,4,342,300,0.13,0,3,4,38,48,0,23,3,4,370,370,0.06,12,0,0
46,鹿児島県,Kagoshima,2020-12-16,173,70,3,4,342,300,0.2,0,3,4,38,48,0,91,3,4,370,370,0.25,12,0,0
46,鹿児島県,Kagoshima,2020-12-23,66,43,3,4,342,300,0.13,0,3,4,38,48,0,21,3,4,370,370,0.06,2,0,0
46,鹿児島県,Kagoshima,2020-12-30,118,66,3,4,342,300,0.19,2,3,4,38,48,0.05,49,3,4,370,370,0.13,3,0,0
46,鹿児島県,Kagoshima,2021-01-06,141,80,3,4,345,300,0.23,2,3,4,38,48,0.05,54,3,4,370,370,0.15,7,0,0
46,鹿児島県,Kagoshima,2021-01-13,223,99,3,4,345,300,0.29,2,3,4,38,48,0.05,110,3,4,370,370,0.3,14,0,0
47,沖縄県,Okinawa,2020-09-02,398,256,5,5,461,425,0.56,20,5,5,49,51,0.41000000000000003,52,5,5,340,340,0.15,90,0,0
47,沖縄県,Okinawa,2020-09-09,239,187,4,5,461,425,0.41000000000000003,20,4,5,49,51,0.41000000000000003,18,4,5,340,340,0.05,34,0,0
47,沖縄県,Okinawa,2020-09-16,168,145,4,5,465,425,0.31,22,4,5,53,51,0.42,12,4,5,340,340,0.04,11,0,0
47,沖縄県,Okinawa,2020-09-23,157,119,3,5,465,425,0.26,17,3,5,53,51,0.32,17,3,5,340,340,0.05,21,0,0
47,沖縄県,Okinawa,2020-09-30,188,132,3,5,465,425,0.28,24,3,5,53,51,0.45,23,3,5,340,340,0.07,33,0,0
47,沖縄県,Okinawa,2020-10-07,256,156,3,5,430,425,0.36,28,3,5,57,51,0.49,66,3,5,340,340,0.19,34,0,0
47,沖縄県,Okinawa,2020-10-14,240,160,4,5,438,425,0.37,25,4,5,57,51,0.44,47,3,5,340,340,0.14,33,0,0
47,沖縄県,Okinawa,2020-10-21,319,192,4,5,441,425,0.44,21,4,5,53,51,0.4,73,3,5,370,340,0.2,54,0,0
47,沖縄県,Okinawa,2020-10-28,334,207,4,5,435,425,0.48,24,4,5,53,51,0.45,84,3,5,370,340,0.23,43,0,0
47,沖縄県,Okinawa,2020-11-04,292,187,4,5,434,425,0.43,19,4,5,53,51,0.36,54,3,5,370,340,0.15,51,0,0
47,沖縄県,Okinawa,2020-11-11,268,155,4,5,434,425,0.36,14,4,5,53,51,0.26,68,3,5,370,340,0.18,45,0,0
47,沖縄県,Okinawa,2020-11-18,323,153,4,5,433,425,0.35000000000000003,14,4,5,53,51,0.26,84,3,5,370,340,0.23,86,0,0
47,沖縄県,Okinawa,2020-11-25,302,180,4,5,433,425,0.42,21,4,5,53,51,0.4,58,3,5,370,340,0.16,64,0,0
47,沖縄県,Okinawa,2020-12-02,393,212,4,5,447,425,0.47000000000000003,26,4,5,53,51,0.49,87,3,5,370,340,0.24,93,0,1
47,沖縄県,Okinawa,2020-12-09,371,209,4,5,447,425,0.47000000000000003,21,4,5,53,51,0.4,63,3,5,370,340,0.17,99,0,0
47,沖縄県,Okinawa,2020-12-16,341,191,4,5,456,425,0.42,19,4,5,53,51,0.36,62,4,5,370,340,0.17,88,0,0
47,沖縄県,Okinawa,2020-12-23,273,142,4,5,469,425,0.3,15,4,5,53,51,0.28,71,4,5,370,340,0.19,60,0,0
47,沖縄県,Okinawa,2020-12-30,327,153,4,5,469,425,0.33,20,4,5,53,51,0.38,96,4,5,370,340,0.26,78,0,0
47,沖縄県,Okinawa,2021-01-06,375,175,4,5,469,425,0.37,17,4,5,53,51,0.32,111,4,5,370,340,0.3,87,0,2
47,沖縄県,Okinawa,2021-01-13,537,236,4,5,469,425,0.5,27,4,5,53,51,0.51,136,4,5,370,340,0.37,165,0,0
